seed,rewarded_shape,n_train,n_first_heldout,flat_train_acc,hier_train_acc,adv_train_acc,flat_first_heldout_acc,hier_first_heldout_acc,adv_first_heldout_acc,flat_heldout_shape0_acc,flat_heldout_shape1_acc,hier_heldout_shape0_acc,hier_heldout_shape1_acc,adv_heldout_shape0_acc,adv_heldout_shape1_acc,flat_train_brier,hier_train_brier,adv_train_brier_reduction,flat_heldout_brier,hier_heldout_brier,adv_heldout_brier_reduction,flat_train_logloss,hier_train_logloss,adv_train_logloss_reduction,flat_heldout_logloss,hier_heldout_logloss,adv_heldout_logloss_reduction,flat_train_shape0_mean_prob,flat_train_shape1_mean_prob,flat_train_shape_contrast,hier_train_shape0_mean_prob,hier_train_shape1_mean_prob,hier_train_shape_contrast,adv_train_shape_contrast,flat_heldout_shape0_mean_prob,flat_heldout_shape1_mean_prob,flat_heldout_shape_contrast,hier_heldout_shape0_mean_prob,hier_heldout_shape1_mean_prob,hier_heldout_shape_contrast,adv_heldout_shape_contrast,flat_train_signed_contrast,hier_train_signed_contrast,adv_train_signed_contrast,flat_heldout_signed_contrast,hier_heldout_signed_contrast,adv_heldout_signed_contrast,flat_n_clusters,hier_nodes_by_level,hier_best_shape_level,hier_best_shape_separation,flat_shape_same_node,flat_shape_diff_node,flat_shape_separation,hier_shape_same_node,hier_shape_diff_node,flat_color_separation,hier_color_separation_at_shape_level
0,0,80,4,0.5,0.5,0.0,0.75,0.75,0.0,0.5,1.0,1.0,0.5,0.5,-0.5,0.25315038778012083,0.23023756969592718,0.022912818084193654,0.24573756578524464,0.2399232210643155,0.005814344720929149,0.717622944309383,0.6061979595915916,0.11142498471779139,0.684621481249834,0.672988141050508,0.011633340199326048,0.9683035409509066,0.6921403353730928,0.2761632055778138,0.9374747576671819,0.6618715761001066,0.2756031815670753,-0.0005600240107385135,0.504205804240657,0.49560717479645877,0.008598629444198203,0.5145931453603539,0.494145858558801,0.020447286801552944,0.011848657357354742,0.2761632055778138,0.2756031815670753,-0.0005600240107385135,0.008598629444198203,0.020447286801552944,0.011848657357354742,2,"{'level_0': 3, 'level_1': 4, 'level_2': 3, 'level_3': 1}",1,0.005322589670415767,0.9512820512820512,0.95,0.0012820512820512775,0.8799171842650103,0.8745945945945945,-0.0007142857142857784,0.048316518099458805
1,0,80,4,0.5,0.55,0.050000000000000044,0.75,1.0,0.25,1.0,0.5,1.0,1.0,0.0,0.5,0.24790883524065518,0.19786221957756003,0.05004661566309515,0.23991187294713626,0.20932660693150865,0.03058526601562761,0.6921664853363656,0.5308111984833632,0.16135528685300238,0.6729614072363908,0.6115529832578431,0.06140842397854762,0.9673966862822659,0.6855453877652673,0.28185129851699864,0.9353682031668488,0.611024717950452,0.3243434852163968,0.04249218669939814,0.5178690474561007,0.4973000155343046,0.020569031921796155,0.549528963949835,0.4642219327299653,0.08530703121986966,0.0647379992980735,0.28185129851699864,0.3243434852163968,0.04249218669939814,0.020569031921796155,0.08530703121986966,0.0647379992980735,2,"{'level_0': 4, 'level_1': 8, 'level_2': 7, 'level_3': 2}",3,1.0,0.9038461538461539,0.90375,9.61538461538014e-05,1.0,0.0,0.001984126984126977,
2,0,80,4,0.5,0.575,0.07499999999999996,0.25,1.0,0.75,0.5,0.0,1.0,1.0,0.5,1.0,0.24910057474610428,0.2074237130727302,0.04167686167337409,0.25018044401940226,0.22430628071466635,0.02587416330473591,0.6718041127393624,0.5609225953540485,0.11088151738531382,0.693507945957472,0.641662283378138,0.051845662579333984,0.3126566175483595,0.03415155173117258,0.2785050658171869,0.37631925359017965,0.06522862081979848,0.3110906327703812,0.032585566953194256,0.5024418369736079,0.5027741288894462,-0.00033229191583827866,0.540925454291934,0.48764574366640945,0.0532797106255245,0.05361200254136278,0.2785050658171869,0.3110906327703812,0.032585566953194256,-0.00033229191583827866,0.0532797106255245,0.05361200254136278,2,"{'level_0': 3, 'level_1': 3, 'level_2': 7, 'level_3': 5}",0,0.0,0.975,0.975,0.0,1.0,1.0,0.0,0.0
3,0,80,4,0.5,0.55,0.050000000000000044,0.5,1.0,0.5,0.5,0.5,1.0,1.0,0.5,0.5,0.25166417814583814,0.21513779972657138,0.03652637841926676,0.25310400325515187,0.23525473677159692,0.01784926648355495,0.7040327622377391,0.5730173444267648,0.13101541781097437,0.6993561981468382,0.6636448524460308,0.03571134570080747,0.9660939977383227,0.6906107104539374,0.2754832872843853,0.9359244577425363,0.6376213837075515,0.2983030740349848,0.02281978675059948,0.4993703501021774,0.5055090404517829,-0.006138690349605513,0.518360017416069,0.48837174666044,0.029988270755628987,0.0361269611052345,0.2754832872843853,0.2983030740349848,0.02281978675059948,-0.006138690349605513,0.029988270755628987,0.0361269611052345,2,"{'level_0': 4, 'level_1': 6, 'level_2': 9, 'level_3': 3}",2,0.17201320132013204,0.9512820512820512,0.95,0.0012820512820512775,0.46534653465346537,0.29333333333333333,-0.0007142857142857784,0.01501501501501501
4,0,80,4,0.5125,0.6,0.08750000000000002,1.0,1.0,0.0,1.0,1.0,1.0,1.0,0.0,0.0,0.24353417892087767,0.20356886862616524,0.039965310294712425,0.24039438365610433,0.20511933479762262,0.035275048858481706,0.6778125581577601,0.5494780339888837,0.12833452416887636,0.6739300651560932,0.6030670558208305,0.07086300933526268,0.32182785254109864,0.03445144793197298,0.28737640460912567,0.3836231417032244,0.07271698119360379,0.3109061605096206,0.023529755900494942,0.5141312069085349,0.49465431725508435,0.019476889653450513,0.5593990536193207,0.4648181510112262,0.09458090260809454,0.07510401295464403,0.28737640460912567,0.3109061605096206,0.023529755900494942,0.019476889653450513,0.09458090260809454,0.07510401295464403,2,"{'level_0': 4, 'level_1': 7, 'level_2': 5, 'level_3': 3, 'level_4': 2}",0,0.1166666666666667,0.975,0.975,0.0,0.7666666666666667,0.65,0.0,-0.002301587301587249
5,0,80,4,0.4875,0.525,0.03750000000000003,0.5,1.0,0.5,0.0,1.0,1.0,1.0,1.0,0.0,0.25207752524976507,0.23116317331268615,0.020914351937078912,0.2517725270183737,0.23215333150641526,0.019619195511958454,0.6798134397651646,0.6173048547304398,0.06250858503472478,0.6966930496280651,0.6573766780015784,0.03931637162648671,0.3080151466878922,0.032403976198409165,0.275611170489483,0.34002152999066715,0.059305135074123584,0.28071639491654354,0.005105224427060517,0.4921124943115352,0.4955569872556769,-0.003444492944141675,0.5030861424422752,0.46600564905326086,0.03708049338901437,0.04052498633315604,0.275611170489483,0.28071639491654354,0.005105224427060517,-0.003444492944141675,0.03708049338901437,0.04052498633315604,1,"{'level_0': 1, 'level_1': 2, 'level_2': 2, 'level_3': 3, 'level_4': 1}",1,0.026346543587922877,1.0,1.0,0.0,0.6882239382239382,0.6618773946360154,0.0,0.018521878801319835
6,0,80,4,0.4875,0.575,0.08749999999999997,1.0,1.0,0.0,1.0,1.0,1.0,1.0,0.0,0.0,0.24620067469827117,0.20863036463240814,0.03757031006586303,0.241077636233645,0.21623369961524508,0.024843936618399926,0.6640396196947659,0.5603383455604755,0.10370127413429042,0.6752970461480936,0.6254239984772888,0.049873047670804804,0.31624367013599874,0.03266890174161158,0.28357476839438717,0.3747773707044459,0.06467442500689805,0.3101029456975478,0.02652817730316065,0.5050990345851599,0.4870021880794934,0.01809684650566651,0.5522949487721085,0.4816285184613298,0.07066643031077868,0.052569583805112174,0.28357476839438717,0.3101029456975478,0.02652817730316065,0.01809684650566651,0.07066643031077868,0.052569583805112174,1,"{'level_0': 5, 'level_1': 5, 'level_2': 4, 'level_3': 2}",1,0.11321980083706162,1.0,1.0,0.0,0.4652908067542214,0.3520710059171598,0.0,-0.035368736666090084
7,0,80,4,0.5,0.5375,0.03749999999999998,0.5,1.0,0.5,1.0,0.0,1.0,1.0,0.0,1.0,0.24843316714728675,0.22699824215678027,0.021434924990506476,0.2515224442930505,0.2346948440266974,0.016827600266353077,0.6924582771672484,0.6052235291165904,0.087234748050658,0.696192653595111,0.6625206528553975,0.03367200073971344,0.967402471339151,0.686010605538702,0.28139186580044906,0.9334728680125501,0.6551024470201692,0.27837042099238096,-0.0030214448080680967,0.5054789785482832,0.5084214778476357,-0.00294249929935253,0.5205321204714399,0.48933441294051927,0.03119770753092066,0.03414020683027319,0.28139186580044906,0.27837042099238096,-0.0030214448080680967,-0.00294249929935253,0.03119770753092066,0.03414020683027319,1,"{'level_0': 5, 'level_1': 8, 'level_2': 6, 'level_3': 2, 'level_4': 2}",3,1.0,1.0,1.0,0.0,1.0,0.0,0.0,-0.125
8,0,80,4,0.5,0.5125,0.012499999999999956,0.5,1.0,0.5,0.0,1.0,1.0,1.0,1.0,0.0,0.24909062749878536,0.21857184404292535,0.03051878345586001,0.2534116921434667,0.2228629491334804,0.030548743009986307,0.6707996116178767,0.5781631915207747,0.09263642009710205,0.6999713994819754,0.638770222871216,0.06120117661075941,0.31235575482334144,0.031953896423260464,0.28040185840008097,0.3556986361172426,0.06246833100095104,0.29323030511629156,0.012828446716210584,0.4915401281483311,0.4982867953604029,-0.0067466672120717885,0.5163001621199558,0.46002804554761617,0.0562721165723396,0.06301878378441139,0.28040185840008097,0.29323030511629156,0.012828446716210584,-0.0067466672120717885,0.0562721165723396,0.06301878378441139,1,"{'level_0': 3, 'level_1': 4, 'level_2': 4, 'level_3': 1}",1,0.015591397849462396,1.0,1.0,0.0,0.7655913978494624,0.75,0.0,0.0005982837293614374
9,0,80,4,0.4875,0.525,0.03750000000000003,1.0,1.0,0.0,1.0,1.0,1.0,1.0,0.0,0.0,0.24561774078900217,0.22272442700245548,0.022893313786546687,0.24351989927135514,0.2226449411506804,0.020874958120674747,0.6543630028188193,0.591037897441532,0.0633251053772873,0.6801841732278181,0.6382985148850954,0.04188565834272273,0.3172616711174362,0.03337432051304035,0.28388735060439585,0.350891663437579,0.06327501175046517,0.2876166516871138,0.003729301082717962,0.511945990978665,0.49882818180095645,0.01311780917770855,0.5361491762682415,0.4791565049263845,0.05699267134185704,0.04387486216414849,0.28388735060439585,0.2876166516871138,0.003729301082717962,0.01311780917770855,0.05699267134185704,0.04387486216414849,1,"{'level_0': 4, 'level_1': 5, 'level_2': 6, 'level_3': 2, 'level_4': 1}",0,0.0,1.0,1.0,0.0,1.0,1.0,0.0,0.0
10,0,80,4,0.4875,0.525,0.03750000000000003,0.5,0.5,0.0,1.0,0.0,1.0,0.0,0.0,0.0,0.25275162717666155,0.20881360215813113,0.04393802501853042,0.2480634815402361,0.24410147752380884,0.003962004016427267,0.7089051651912097,0.5531223030985095,0.1557828620927002,0.6892735611065435,0.6813389696553231,0.00793459145122033,0.3080848165799591,0.034110498884140736,0.27397431769581837,0.3694622393970767,0.07084158425529496,0.2986206551417817,0.02464633744596334,0.5081026775261475,0.5041425251325162,0.003960152393631233,0.5216486267765003,0.5092725050132839,0.012376121763216341,0.008415969369585108,0.27397431769581837,0.2986206551417817,0.02464633744596334,0.003960152393631233,0.012376121763216341,0.008415969369585108,1,"{'level_0': 3, 'level_1': 4, 'level_2': 3, 'level_3': 1}",1,0.00044572884012539227,1.0,1.0,0.0,0.8926332288401254,0.8921875,0.0,-0.010436721968093643
11,0,80,4,0.5,0.5625,0.0625,0.25,1.0,0.75,0.5,0.0,1.0,1.0,0.5,1.0,0.25371275310722463,0.22165553148591566,0.03205722162130897,0.25149365431529724,0.2290085113664805,0.022485142948816733,0.6959662394171039,0.5868716696606303,0.10909456975647358,0.6961345791825246,0.6510901494268437,0.045044429755680904,0.9661583749805885,0.6935848833695593,0.2725734916110293,0.9351365898532528,0.647839136440878,0.2872974534123748,0.014723961801345498,0.5025460648673377,0.5054857270024848,-0.0029396621351471808,0.5376385540207844,0.4941554807909937,0.043483073229790725,0.046422735364937906,0.2725734916110293,0.2872974534123748,0.014723961801345498,-0.0029396621351471808,0.043483073229790725,0.046422735364937906,1,"{'level_0': 4, 'level_1': 8, 'level_2': 9, 'level_3': 4}",2,0.24316877152698047,1.0,1.0,0.0,0.3970149253731343,0.15384615384615385,0.0,-0.07734939759036141
12,0,80,4,0.5,0.5375,0.03749999999999998,0.75,1.0,0.25,1.0,0.5,1.0,1.0,0.0,0.5,0.24796356788558738,0.21939532849159749,0.02856823939398989,0.24896131928715048,0.22429987947305152,0.024661439814098962,0.6645297348710255,0.5852902048819354,0.07923952998909012,0.6910699164175347,0.641684960912892,0.049384955504642725,0.9670804060626071,0.6864782653180307,0.28060214074457646,0.9344842537152704,0.6435720900060395,0.2909121637092309,0.010310022964654442,0.5054117176003475,0.5032747620805728,0.0021369555197747747,0.5331722733543178,0.48023315750866424,0.052939115845653584,0.05080216032587881,0.28060214074457646,0.2909121637092309,0.010310022964654442,0.0021369555197747747,0.052939115845653584,0.05080216032587881,2,"{'level_0': 3, 'level_1': 5, 'level_2': 5, 'level_3': 3, 'level_4': 1}",1,0.017114592463653655,0.975,0.975,0.0,0.8971807628524047,0.880066170388751,0.0,-0.005615972812234471
13,0,80,4,0.5,0.5375,0.03749999999999998,0.5,1.0,0.5,1.0,0.0,1.0,1.0,0.0,1.0,0.2519922039210124,0.21416781833103332,0.03782438558997908,0.24715947233380967,0.2169174937658379,0.030241978567971756,0.7039054719651556,0.5700853347489703,0.13382013721618535,0.6874641553653431,0.6268327074335405,0.06063144793180264,0.9680956534062016,0.6910808196801244,0.27701483372607727,0.9352225679262991,0.6360424941843658,0.29918007374193334,0.02216524001585607,0.5091463643142191,0.5033360236246509,0.005810340689568205,0.5448901792846146,0.4760162347985628,0.06887394448605177,0.06306360379648357,0.27701483372607727,0.29918007374193334,0.02216524001585607,0.005810340689568205,0.06887394448605177,0.06306360379648357,1,"{'level_0': 3, 'level_1': 7, 'level_2': 7, 'level_3': 3, 'level_4': 1}",0,0.0,1.0,1.0,0.0,1.0,1.0,0.0,0.0
14,0,80,4,0.5,0.5125,0.012499999999999956,1.0,1.0,0.0,1.0,1.0,1.0,1.0,0.0,0.0,0.24923895909953733,0.22725242729827205,0.02198653180126528,0.23908823243997862,0.22565297653642705,0.013435255903551574,0.6702770259432341,0.599567174407076,0.07070985153615816,0.6713174363786041,0.6443263158847705,0.026991120493833565,0.3117667192636559,0.03303449588378758,0.2787322233798683,0.34311220271772547,0.06320419359969387,0.2799080091180316,0.001175785738163293,0.5057484616327056,0.48361642506668895,0.022132036566016644,0.5076142245143892,0.456830522472648,0.05078370204174121,0.028651665475724564,0.2787322233798683,0.2799080091180316,0.001175785738163293,0.022132036566016644,0.05078370204174121,0.028651665475724564,1,"{'level_0': 4, 'level_1': 4, 'level_2': 4, 'level_3': 3}",0,0.0,1.0,1.0,0.0,1.0,1.0,0.0,0.0
15,0,80,4,0.5,0.5125,0.012499999999999956,0.75,0.75,0.0,0.5,1.0,0.5,1.0,0.0,0.0,0.24830412003040792,0.22925933175561103,0.019044788274796887,0.24528637075524157,0.233165957840544,0.012120412914697565,0.6662838779900379,0.6099727684106024,0.056311109579435414,0.6837186926706643,0.6594531155520309,0.02426557711863342,0.3132352190816617,0.033541962962117054,0.27969325611954465,0.3409136034180456,0.06423191502245829,0.2766816883955873,-0.0030115677239573313,0.49952303489517147,0.48994113280401486,0.009581902091156613,0.5120782113208666,0.47758382571434543,0.03449438560652118,0.02491248351536457,0.27969325611954465,0.2766816883955873,-0.0030115677239573313,0.009581902091156613,0.03449438560652118,0.02491248351536457,1,"{'level_0': 4, 'level_1': 5, 'level_2': 5, 'level_3': 3, 'level_4': 1}",0,0.0,1.0,1.0,0.0,1.0,1.0,0.0,0.0
16,0,80,4,0.5,0.5375,0.03749999999999998,0.25,1.0,0.75,0.5,0.0,1.0,1.0,0.5,1.0,0.24612414532915686,0.23000937051241238,0.016114774816744476,0.25041358696320376,0.22852825042623942,0.02188533653696434,0.6592971630488826,0.6172455499499014,0.0420516130989812,0.6939741714022232,0.6501707572782681,0.04380341412395505,0.31614208165960245,0.03399453112727065,0.2821475505323318,0.3424875232915475,0.05854371873494548,0.28394380455660206,0.0017962540242702496,0.5033016632162212,0.5040630093796334,-0.0007613461634122798,0.52118156557313,0.47720655913926724,0.04397500643386276,0.04473635259727504,0.2821475505323318,0.28394380455660206,0.0017962540242702496,-0.0007613461634122798,0.04397500643386276,0.04473635259727504,2,"{'level_0': 4, 'level_1': 4, 'level_2': 1, 'level_3': 2, 'level_4': 2}",1,0.008363355635614966,0.9288461538461539,0.925,0.0038461538461538325,0.9738805970149254,0.9655172413793104,-0.002142857142857113,-0.007261009667024698
17,0,80,4,0.5,0.5375,0.03749999999999998,0.5,1.0,0.5,0.5,0.5,1.0,1.0,0.5,0.5,0.25229733100238116,0.21675453638067946,0.03554279462170171,0.2501691658366196,0.2266114922867364,0.023557673549883168,0.687600787283831,0.5745682736461482,0.11303251363768285,0.6934856449275636,0.6463224386599289,0.047163206267634705,0.9669736728614264,0.6915896846709231,0.27538398819050336,0.9363040362645553,0.6409311058762764,0.29537293038827883,0.019988942197775472,0.4965601909460746,0.49683907105139263,-0.00027888010531801344,0.5159657891709473,0.4678979200278263,0.048067869143120945,0.04834674924843896,0.27538398819050336,0.29537293038827883,0.019988942197775472,-0.00027888010531801344,0.048067869143120945,0.04834674924843896,1,"{'level_0': 5, 'level_1': 9, 'level_2': 6, 'level_3': 5}",3,0.027777777777777776,1.0,1.0,0.0,0.1111111111111111,0.08333333333333333,0.0,-0.1
18,0,80,4,0.5,0.55,0.050000000000000044,0.0,1.0,1.0,0.0,0.0,1.0,1.0,1.0,1.0,0.25435823627802173,0.2108941546434143,0.04346408163460744,0.2530252477037471,0.2314078123825938,0.021617435321153317,0.7172897604114639,0.5609067954141915,0.15638296499727233,0.6991978944055719,0.6559318266230536,0.04326606778251829,0.966080947229392,0.6943867257719246,0.27169422145746736,0.9352466304028034,0.631530218654258,0.30371641174854547,0.03202219029107811,0.4945455437531425,0.5005659650298246,-0.00602042127668212,0.5240993167088489,0.48603103311108353,0.03806828359776537,0.04408870487444749,0.27169422145746736,0.30371641174854547,0.03202219029107811,-0.00602042127668212,0.03806828359776537,0.04408870487444749,1,"{'level_0': 2, 'level_1': 3, 'level_2': 2, 'level_3': 1}",0,0.0,1.0,1.0,0.0,0.975,0.975,0.0,0.0
19,0,80,4,0.4875,0.525,0.03750000000000003,0.75,1.0,0.25,1.0,0.5,1.0,1.0,0.0,0.5,0.2529514345711399,0.22375007117116147,0.02920136339997842,0.2458231051371415,0.23416308223993085,0.011660022897210659,0.7214601455696305,0.5935343503479071,0.12792579522172332,0.6847924554208473,0.6614484238396919,0.02334403158115539,0.30815842531093945,0.03498733355401411,0.27317109175692533,0.34895891451253247,0.06398000462311333,0.28497890988941915,0.01180781813249382,0.5070195945230352,0.49859181992532364,0.008427774597711601,0.5059656256059639,0.47353580522010374,0.032429820385860175,0.024002045788148574,0.27317109175692533,0.28497890988941915,0.01180781813249382,0.008427774597711601,0.032429820385860175,0.024002045788148574,1,"{'level_0': 3, 'level_1': 7, 'level_2': 5, 'level_3': 2}",0,0.0,1.0,1.0,0.0,1.0,1.0,0.0,0.0
20,0,80,4,0.5,0.525,0.025000000000000022,1.0,0.75,-0.25,1.0,1.0,1.0,0.5,0.0,-0.5,0.24507571219200325,0.22419952050112749,0.02087619169087576,0.23909254498920712,0.24223906820965435,-0.003146523220447228,0.652784388347138,0.5923036469469769,0.06048074140016113,0.6713199840279829,0.6776186971966516,-0.0062987131686687015,0.31781602446192503,0.033393299394122035,0.284422725067803,0.34815105512266864,0.06317288244812791,0.28497817267454073,0.0005554476067377578,0.5150311089578921,0.4928093415226068,0.022221767435285256,0.514342835331656,0.49855917327368354,0.015783662057972492,-0.006438105377312764,0.284422725067803,0.28497817267454073,0.0005554476067377578,0.022221767435285256,0.015783662057972492,-0.006438105377312764,1,"{'level_0': 4, 'level_1': 6, 'level_2': 5, 'level_3': 1}",0,0.0,1.0,1.0,0.0,1.0,1.0,0.0,0.0
21,0,80,4,0.4875,0.5625,0.07500000000000001,0.25,0.75,0.5,0.5,0.0,1.0,0.5,0.5,0.5,0.25187712386708067,0.2219372956848531,0.029939828182227568,0.2535354074401784,0.22021807631099757,0.03331733112918081,0.6781135701218487,0.5956470184453952,0.08246655167645345,0.7002191855017937,0.633382856120474,0.06683632938131978,0.3080620162288107,0.03264421709000194,0.27541779913880876,0.35494203199145274,0.06299271996282585,0.2919493120286269,0.016531512889818134,0.5020042478274974,0.5089669496030854,-0.006962701775587998,0.5512353651931264,0.4883927540011661,0.06284261119196033,0.06980531296754833,0.27541779913880876,0.2919493120286269,0.016531512889818134,-0.006962701775587998,0.06284261119196033,0.06980531296754833,1,"{'level_0': 4, 'level_1': 5, 'level_2': 5, 'level_3': 3}",3,0.6666666666666666,1.0,1.0,0.0,0.6666666666666666,0.0,0.0,-0.3076923076923077
22,0,80,4,0.5,0.5125,0.012499999999999956,0.5,0.75,0.25,0.5,0.5,1.0,0.5,0.5,0.0,0.2514462971053247,0.23194704345181538,0.019499253653509296,0.2493828015608125,0.24405896660789284,0.005323834952919659,0.6819411108772047,0.613286782389958,0.06865432848724662,0.6919127239472598,0.681263598018595,0.010649125928664738,0.9676379013341811,0.6908219559709823,0.27681594536319887,0.938054250140276,0.6636752653945284,0.2743789847457476,-0.002436960617451245,0.5018299031210425,0.5005261439587422,0.0013037591623002998,0.5068082190553531,0.49480933600886434,0.011998883046488773,0.010695123884188473,0.27681594536319887,0.2743789847457476,-0.002436960617451245,0.0013037591623002998,0.011998883046488773,0.010695123884188473,1,"{'level_0': 2, 'level_1': 4, 'level_2': 5, 'level_3': 1}",1,0.003453898139542222,1.0,1.0,0.0,0.9396887159533074,0.9362348178137652,0.0,0.006468041762159427
23,0,80,4,0.5,0.5125,0.012499999999999956,0.75,0.75,0.0,1.0,0.5,1.0,0.5,0.0,0.0,0.25133271843629845,0.22709192094669084,0.024240797489607613,0.24915812323835174,0.24071287017182408,0.008445253066527658,0.6832180073350467,0.5992071217810888,0.08401088555395786,0.6914634246342413,0.6745587687742748,0.016904655859966478,0.9679211560376789,0.6903956619665144,0.27752549407116456,0.9376692864517958,0.6567475316018304,0.2809217548499654,0.0033962607788008414,0.5041620548281311,0.5024466976012156,0.0017153572269155148,0.5178486946199364,0.498852633633398,0.018996060986538443,0.01728070375962293,0.27752549407116456,0.2809217548499654,0.0033962607788008414,0.0017153572269155148,0.018996060986538443,0.01728070375962293,1,"{'level_0': 3, 'level_1': 7, 'level_2': 7, 'level_3': 3}",0,0.0,1.0,1.0,0.0,1.0,1.0,0.0,0.0
24,0,80,4,0.4875,0.5,0.012500000000000011,0.25,1.0,0.75,0.0,0.5,1.0,1.0,1.0,0.5,0.25327459733077917,0.23012189875398964,0.023152698576789532,0.2520399246853725,0.23710923952113175,0.014930685164240759,0.6966300670430648,0.6199644838805578,0.07666558316250704,0.6972271591033267,0.6673562889255149,0.02987087017781176,0.3068679803007995,0.032403580884165284,0.2744643994166342,0.34228355501586644,0.06417237788248915,0.2781111771333773,0.0036467777167430993,0.4952591832561364,0.49931016476030793,-0.004050981504171547,0.5181872415038415,0.49198249005372807,0.026204751450113473,0.03025573295428502,0.2744643994166342,0.2781111771333773,0.0036467777167430993,-0.004050981504171547,0.026204751450113473,0.03025573295428502,1,"{'level_0': 3, 'level_1': 5, 'level_2': 5, 'level_3': 2}",0,0.0,1.0,1.0,0.0,1.0,1.0,0.0,0.0
25,0,80,4,0.4875,0.5125,0.024999999999999967,0.75,1.0,0.25,1.0,0.5,1.0,1.0,0.0,0.5,0.24681086657588053,0.22845146751115256,0.01835939906472797,0.2459061191491624,0.23652584566008136,0.009380273489081048,0.6623544763445729,0.6081693834328198,0.05418509291175311,0.6849575400683013,0.6661903012955748,0.01876723877272657,0.3158412812022387,0.03285927362051173,0.282982007581727,0.34336655228415386,0.06974871361190058,0.2736178386722533,-0.009364168909473669,0.5072213425139651,0.49881699691259246,0.008404345601372654,0.5109788195136551,0.4836194915151816,0.027359327998473515,0.01895498239710086,0.282982007581727,0.2736178386722533,-0.009364168909473669,0.008404345601372654,0.027359327998473515,0.01895498239710086,2,"{'level_0': 5, 'level_1': 6, 'level_2': 7, 'level_3': 4}",1,0.04115221579070294,0.9076923076923077,0.9,0.007692307692307665,0.7785527462946817,0.7374005305039788,-0.004285714285714226,0.030854594186958684
26,0,80,4,0.4875,0.5,0.012500000000000011,0.5,0.75,0.25,1.0,0.0,1.0,0.5,0.0,0.5,0.2516079172125505,0.22981970605180013,0.02178821116075036,0.2516912685501235,0.24044605824277182,0.011245210307351705,0.6798220203921744,0.6108957467746107,0.06892627361756376,0.6965306876119577,0.6740285920235233,0.022502095588434412,0.3090370003165561,0.03450239372579202,0.2745346065907641,0.3410407969933877,0.06198785756820323,0.27905293942518444,0.004518332834420324,0.5042244497166256,0.5074983975808187,-0.0032739478641931052,0.5159199645389226,0.49643183902506216,0.019488125513860477,0.022762073378053582,0.2745346065907641,0.27905293942518444,0.004518332834420324,-0.0032739478641931052,0.019488125513860477,0.022762073378053582,1,"{'level_0': 4, 'level_1': 4, 'level_2': 2, 'level_3': 1}",0,0.0,1.0,1.0,0.0,1.0,1.0,0.0,0.0
27,0,80,4,0.4875,0.5375,0.04999999999999999,0.75,1.0,0.25,0.5,1.0,1.0,1.0,0.5,0.0,0.25210725829582736,0.21723623920484547,0.03487101909098189,0.24937616542739166,0.21482526907365734,0.03455089635373432,0.6999561261693003,0.5792205669690029,0.12073555920029733,0.6919002421704848,0.6226246741924124,0.06927556797807244,0.308477370526577,0.03266963811079015,0.2758077324157868,0.35947083008407815,0.06723193487816354,0.2922388952059146,0.016431162790127796,0.4954616304976025,0.49407174681080074,0.0013898836868017628,0.5285642090134964,0.4551797415027632,0.07338446751073324,0.07199458382393148,0.2758077324157868,0.2922388952059146,0.016431162790127796,0.0013898836868017628,0.07338446751073324,0.07199458382393148,2,"{'level_0': 3, 'level_1': 4, 'level_2': 3, 'level_3': 4}",2,0.15336728919071874,0.975,0.975,0.0,0.6182795698924731,0.4649122807017544,0.0,-0.04892672982371993
28,0,80,4,0.4875,0.5,0.012500000000000011,0.0,1.0,1.0,0.0,0.0,1.0,1.0,1.0,1.0,0.24839222037669537,0.2308424141854844,0.017549806191210965,0.25321914415940394,0.23986052020039986,0.013358623959004085,0.6576365956257572,0.612478274530661,0.04515832109509621,0.6995856516266666,0.6728622766060153,0.026723375020651363,0.31221414383021634,0.03312936456474014,0.2790847792654762,0.3389139603576553,0.06693241322359882,0.2719815471340565,-0.007103232131419723,0.49869431789167473,0.5051046837383377,-0.006410365846662991,0.5091850729295774,0.48862406496182453,0.020561007967752842,0.026971373814415833,0.2790847792654762,0.2719815471340565,-0.007103232131419723,-0.006410365846662991,0.020561007967752842,0.026971373814415833,1,"{'level_0': 4, 'level_1': 5, 'level_2': 3, 'level_3': 3, 'level_4': 1}",1,0.021520288761668005,1.0,1.0,0.0,0.8381226053639846,0.8166023166023166,0.0,-0.012997756813083683
29,0,80,4,0.5,0.5125,0.012499999999999956,0.5,1.0,0.5,0.0,1.0,1.0,1.0,1.0,0.0,0.25060074009602207,0.23297772527805063,0.017623014817971433,0.2515067280028522,0.23847528954220013,0.01303143846065205,0.7008417207428936,0.6158611807977729,0.08498053994512078,0.6961607190728892,0.6700816806086689,0.026079038464220328,0.9654276983563982,0.6896311555307306,0.27579654282566757,0.9404628684996277,0.6650270228969782,0.27543584560264944,-0.0003606972230181249,0.496247670241699,0.4992454289843655,-0.002997758742666501,0.513492488517169,0.4899210548003547,0.023571433716814305,0.026569192459480806,0.27579654282566757,0.27543584560264944,-0.0003606972230181249,-0.002997758742666501,0.023571433716814305,0.026569192459480806,1,"{'level_0': 2, 'level_1': 3, 'level_2': 2, 'level_3': 3, 'level_4': 2}",3,0.047619047619047616,1.0,1.0,0.0,0.3333333333333333,0.2857142857142857,0.0,0.1923076923076923
30,0,80,4,0.5,0.5875,0.08750000000000002,0.5,1.0,0.5,1.0,0.0,1.0,1.0,0.0,1.0,0.24901774878994926,0.20920609249157557,0.03981165629837369,0.25086900212620644,0.20985198662511167,0.04101701550109477,0.6772115346217312,0.5616838223932967,0.1155277122284345,0.6948853312871082,0.6126020952734225,0.0822832360136857,0.9659027805150544,0.687952256614569,0.27795052390048536,0.9337167589177631,0.6260200242580037,0.30769673465975933,0.029746210759273972,0.5029040329380179,0.5046084424710129,-0.0017044095329949993,0.5344760993676558,0.4501591912891158,0.08431690807854003,0.08602131761153503,0.27795052390048536,0.30769673465975933,0.029746210759273972,-0.0017044095329949993,0.08431690807854003,0.08602131761153503,1,"{'level_0': 3, 'level_1': 7, 'level_2': 5, 'level_3': 3}",0,0.0,1.0,1.0,0.0,0.975,0.975,0.0,0.0
31,0,80,4,0.5,0.55,0.050000000000000044,0.75,0.75,0.0,0.5,1.0,0.5,1.0,0.0,0.0,0.2532753434417794,0.23065945259724013,0.022615890844539244,0.24735251233107508,0.23847006108152183,0.008882451249553253,0.6921439357537024,0.6194685773932462,0.07267535836045613,0.6878517543940967,0.6700680530740595,0.01778370132003726,0.966964727871456,0.6929735279739738,0.2739911998974822,0.9354241013874459,0.6586701625656086,0.2767539388218373,0.0027627389243550793,0.5018172396238932,0.49646009442270195,0.0053571452011912934,0.5011340843079072,0.47742621198451374,0.023707872323393442,0.01835072712220215,0.2739911998974822,0.2767539388218373,0.0027627389243550793,0.0053571452011912934,0.023707872323393442,0.01835072712220215,1,"{'level_0': 3, 'level_1': 5, 'level_2': 4, 'level_3': 4}",3,0.6,1.0,1.0,0.0,0.6,0.0,0.0,0.75
32,0,80,4,0.5,0.5375,0.03749999999999998,0.75,0.75,0.0,0.5,1.0,1.0,0.5,0.5,-0.5,0.23848602610216965,0.2251689670305561,0.01331705907161354,0.24348534388623927,0.24378544763764115,-0.00030010375140188117,0.62995861803986,0.6016745012544036,0.028284116785456392,0.6801150428692081,0.6807136233120377,-0.000598580442829566,0.32646417134582045,0.0348213905000576,0.29164278084576284,0.34871808141564903,0.058654928666976136,0.2900631527486729,-0.0015796280970899468,0.5020784300330106,0.48888325639057517,0.013195173642435387,0.5146131072809843,0.501953220119608,0.012659887161376338,-0.0005352864810590496,0.29164278084576284,0.2900631527486729,-0.0015796280970899468,0.013195173642435387,0.012659887161376338,-0.0005352864810590496,2,"{'level_0': 2, 'level_1': 4, 'level_2': 2, 'level_3': 2}",1,0.0015212136367425133,0.8878205128205128,0.875,0.012820512820512775,0.9737434358589647,0.9722222222222222,-0.0071428571428571175,-0.002689426501289449
33,0,80,4,0.5,0.5125,0.012499999999999956,1.0,0.5,-0.5,1.0,1.0,1.0,0.0,0.0,-1.0,0.24804383514724568,0.23266742133530488,0.015376413811940798,0.24322710908064576,0.24110726146818037,0.002119847612465392,0.681053740800899,0.6131058925251066,0.06794784827579237,0.6795998321945886,0.6753479810638414,0.0042518511307472195,0.9671017109527842,0.685214249385548,0.2818874615672362,0.9397182742476339,0.6651039076705201,0.2746143665771138,-0.0072730949901224085,0.5100348356728954,0.49636977354746237,0.013665062125433058,0.5216255935917985,0.5033524533524152,0.018273140239383312,0.004608078113950254,0.2818874615672362,0.2746143665771138,-0.0072730949901224085,0.013665062125433058,0.018273140239383312,0.004608078113950254,1,"{'level_0': 6, 'level_1': 8, 'level_2': 6, 'level_3': 4}",0,0.0,1.0,1.0,0.0,1.0,1.0,0.0,0.0
34,0,80,4,0.5,0.525,0.025000000000000022,0.5,0.75,0.25,0.0,1.0,0.5,1.0,0.5,0.0,0.25033557911336585,0.23595259977885946,0.014382979334506385,0.24783390073122832,0.24081427562758506,0.007019625103643262,0.6824260761677471,0.627477834040744,0.05494824212700311,0.688812589243128,0.6747707089947832,0.014041880248344851,0.9662921823229098,0.6888876875449619,0.27740449477794793,0.9422541189203685,0.6682967418383694,0.2739573770819991,-0.0034471176959488536,0.4901842537306638,0.4855398279387011,0.004644425791962725,0.5035296621603758,0.48489444700978157,0.018635215150594187,0.013990789358631461,0.27740449477794793,0.2739573770819991,-0.0034471176959488536,0.004644425791962725,0.018635215150594187,0.013990789358631461,1,"{'level_0': 3, 'level_1': 4, 'level_2': 3, 'level_3': 2, 'level_4': 1}",3,0.13333333333333336,1.0,1.0,0.0,0.4666666666666667,0.3333333333333333,0.0,0.631578947368421
35,0,80,4,0.5,0.5375,0.03749999999999998,0.5,1.0,0.5,1.0,0.0,1.0,1.0,0.0,1.0,0.24920567203222058,0.22609117365669276,0.023114498375527814,0.24687733303225123,0.22266443624153948,0.024212896790711758,0.6738921161913736,0.6035552099963468,0.07033690619502675,0.6868991627012199,0.6384128315876355,0.04848633111358436,0.9655397833664981,0.6875017707171954,0.2780380126493027,0.9413815262154017,0.6528949337235389,0.2884865924918628,0.01044857984256009,0.5122829899509985,0.5058406184296019,0.006442371521396595,0.5281993867379831,0.47188384443382947,0.05631554230415359,0.04987317078275699,0.2780380126493027,0.2884865924918628,0.01044857984256009,0.006442371521396595,0.05631554230415359,0.04987317078275699,2,"{'level_0': 4, 'level_1': 6, 'level_2': 6, 'level_3': 5, 'level_4': 1}",1,0.004410725080171707,0.9262820512820513,0.9275,-0.0012179487179486692,0.6766595289079229,0.6722488038277512,-0.002142857142857113,-0.021917567062033738
36,0,80,4,0.5,0.5625,0.0625,0.5,1.0,0.5,0.5,0.5,1.0,1.0,0.5,0.5,0.2517047327181256,0.20251947986139288,0.049185252856732725,0.25218367923785456,0.21971518249874322,0.03246849673911134,0.6836500247400583,0.539467278238209,0.14418274650184937,0.6975148776317333,0.6324834893919208,0.06503138823981247,0.9656180900043945,0.6912515024343934,0.2743665875700011,0.9411064467944211,0.6197598529476886,0.3213465938467325,0.04698000627673138,0.4973856546490152,0.5017041063044266,-0.004318451655411448,0.5249482838423634,0.462282385411528,0.06266589843083537,0.06698435008624681,0.2743665875700011,0.3213465938467325,0.04698000627673138,-0.004318451655411448,0.06266589843083537,0.06698435008624681,1,"{'level_0': 2, 'level_1': 3, 'level_2': 3, 'level_3': 4, 'level_4': 1}",1,0.284320987654321,1.0,1.0,0.0,0.654320987654321,0.37,0.0,-0.033186066270178394
37,0,80,4,0.5,0.525,0.025000000000000022,0.75,0.75,0.0,0.5,1.0,0.5,1.0,0.0,0.0,0.24885664909331293,0.22258663994602798,0.026270009147284945,0.24387594087822195,0.21337627657174985,0.030499664306472107,0.6705236063445646,0.5877824342559391,0.08274117208862553,0.6808935949214988,0.6195939511948007,0.06129964372669816,0.3129450859351869,0.03467184253129432,0.2782732434038926,0.35032859955740236,0.061765237154577414,0.28856336240282493,0.01029011899893234,0.4988866549839643,0.48638834192816327,0.012498313055801014,0.5177794330915209,0.4402431429161875,0.07753629017533337,0.06503797711953235,0.2782732434038926,0.28856336240282493,0.01029011899893234,0.012498313055801014,0.07753629017533337,0.06503797711953235,1,"{'level_0': 3, 'level_1': 7, 'level_2': 8, 'level_3': 3}",1,0.08079853528258063,1.0,1.0,0.0,0.6968283582089553,0.6160298229263746,0.0,-0.013280466249462664
38,0,80,4,0.5,0.5125,0.012499999999999956,0.5,1.0,0.5,0.5,0.5,1.0,1.0,0.5,0.5,0.2529030983613406,0.23617129207371024,0.01673180628763038,0.2512637397279716,0.24010767607228065,0.011156063655690968,0.7129871587038146,0.6243356431378592,0.08865151556595541,0.6956747895344477,0.6733571975314986,0.022317592002949138,0.9659795079729413,0.6924717026463914,0.27350780532654995,0.9415415572010705,0.66959562333171,0.2719459338693605,-0.0015618714571894454,0.4990257445607134,0.5015272726957205,-0.0025015281350070917,0.5116154590428912,0.49156601404802247,0.020049444994868715,0.022550973129875806,0.27350780532654995,0.2719459338693605,-0.0015618714571894454,-0.0025015281350070917,0.020049444994868715,0.022550973129875806,1,"{'level_0': 3, 'level_1': 4, 'level_2': 5, 'level_3': 2, 'level_4': 1}",0,0.0,1.0,1.0,0.0,1.0,1.0,0.0,0.0
39,0,80,4,0.5,0.5875,0.08750000000000002,1.0,1.0,0.0,1.0,1.0,1.0,1.0,0.0,0.0,0.2482100482108036,0.21309242781963206,0.035117620391171556,0.24591492588571578,0.2019398930442255,0.04397503284149029,0.6966909359235867,0.5743471726144398,0.12234376330914687,0.6849761926560911,0.5966305284484106,0.08834566420768053,0.9657538574183164,0.6857310392686367,0.2800228181496798,0.9310598932636379,0.6319028454613411,0.2991570478022968,0.01913422965261702,0.5066944758311819,0.4984591912038478,0.008235284627334083,0.5626003565822754,0.46088791871482493,0.10171243786745043,0.09347715324011635,0.2800228181496798,0.2991570478022968,0.01913422965261702,0.008235284627334083,0.10171243786745043,0.09347715324011635,2,"{'level_0': 3, 'level_1': 7, 'level_2': 4, 'level_3': 3, 'level_4': 2}",2,0.20041629497472502,0.9512820512820512,0.95,0.0012820512820512775,0.6214689265536724,0.42105263157894735,-0.0007142857142857784,-0.06828193832599116
40,0,80,4,0.4875,0.5375,0.04999999999999999,0.5,1.0,0.5,0.5,0.5,1.0,1.0,0.5,0.5,0.24472908343818106,0.21089307741905494,0.03383600601912612,0.2496021269054991,0.20830956143506094,0.041292565470438164,0.6455878115980762,0.5594887436521621,0.08609906794591415,0.6923513610635766,0.6094405362383266,0.08291082482525003,0.3173445340899147,0.03242678744449539,0.2849177466454193,0.36802614424404334,0.06665133576091435,0.301374808483129,0.016457061837709674,0.4994862008715637,0.4986606842201611,0.0008255166514026246,0.5254805046900213,0.4374951418412165,0.08798536284880476,0.08715984619740214,0.2849177466454193,0.301374808483129,0.016457061837709674,0.0008255166514026246,0.08798536284880476,0.08715984619740214,1,"{'level_0': 5, 'level_1': 7, 'level_2': 7, 'level_3': 4, 'level_4': 1}",3,0.16666666666666666,1.0,1.0,0.0,0.16666666666666666,0.0,0.0,-0.14285714285714285
41,0,80,4,0.5,0.5,0.0,0.25,1.0,0.75,0.0,0.5,1.0,1.0,1.0,0.5,0.2488471095872314,0.22429779984375245,0.024549309743478964,0.2493503219263928,0.22546439309706415,0.023885928829328662,0.675521028993521,0.5953526775549921,0.08016835143852885,0.6918472909920947,0.6440108470169712,0.047836443975123544,0.3131220417410175,0.03247617593385503,0.28064586580716244,0.3482092659021891,0.06076866952289719,0.2874405963792919,0.0067947305721294815,0.4970582363685432,0.4957016914208725,0.0013565449476706792,0.5256040396653002,0.4750021505481691,0.05060188911713115,0.04924534416946047,0.28064586580716244,0.2874405963792919,0.0067947305721294815,0.0013565449476706792,0.05060188911713115,0.04924534416946047,1,"{'level_0': 3, 'level_1': 3, 'level_2': 3, 'level_3': 2}",2,0.01943277310924374,1.0,1.0,0.0,0.8319327731092437,0.8125,0.0,0.019611650485436893
42,0,80,4,0.5125,0.5375,0.025000000000000022,0.75,1.0,0.25,1.0,0.5,1.0,1.0,0.0,0.5,0.24338414772162137,0.2211061135073284,0.022278034214292974,0.24883294058435373,0.23086587109164772,0.017967069492706017,0.6412499565900251,0.5867261988683493,0.054523757721675836,0.6908130255395089,0.6548539528796601,0.03595907265984877,0.9666407179435241,0.6807232126654078,0.2859175052781163,0.9380850516782928,0.6470433503837016,0.29104170129459117,0.005124196016474847,0.502272735658464,0.49993090430304576,0.0023418313554182113,0.5217005735718778,0.482593629563055,0.03910694400882281,0.0367651126534046,0.2859175052781163,0.29104170129459117,0.005124196016474847,0.0023418313554182113,0.03910694400882281,0.0367651126534046,1,"{'level_0': 3, 'level_1': 5, 'level_2': 4, 'level_3': 2, 'level_4': 1}",0,0.0,1.0,1.0,0.0,1.0,1.0,0.0,0.0
43,0,80,4,0.4875,0.5625,0.07500000000000001,0.5,0.75,0.25,0.5,0.5,1.0,0.5,0.5,0.0,0.24113309873739247,0.21089328660726459,0.030239812130127885,0.24817440342319053,0.2364722337841086,0.011702169639081939,0.6470845955602642,0.5665411824471244,0.08054341311313984,0.6894956267200472,0.666039780597322,0.02345584612272511,0.32348943616167436,0.03463509472043328,0.28885434144124106,0.37009527264260095,0.06919148690752974,0.3009037857350712,0.012049444293830147,0.5010642601114246,0.4973505567504027,0.0037137033610218917,0.5302391906687751,0.5020867843535639,0.02815240631521121,0.024438702954189317,0.28885434144124106,0.3009037857350712,0.012049444293830147,0.0037137033610218917,0.02815240631521121,0.024438702954189317,1,"{'level_0': 4, 'level_1': 8, 'level_2': 7, 'level_3': 4, 'level_4': 2}",3,0.25,1.0,1.0,0.0,0.25,0.0,0.0,
44,0,80,4,0.5,0.5375,0.03749999999999998,0.5,1.0,0.5,0.5,0.5,1.0,1.0,0.5,0.5,0.2484944659910308,0.2171047413769255,0.0313897246141053,0.2495610623971445,0.21942597561141358,0.03013508678573093,0.6733261743178293,0.5784389003068215,0.09488727401100772,0.6922692515454685,0.6318894694095769,0.06037978213589157,0.9673505022579825,0.6871202618928718,0.2802302403651107,0.9301635553112952,0.6404105476318888,0.2897530076794065,0.0095227673142958,0.500182098004429,0.4992805203714508,0.0009015776329782121,0.5418459981143529,0.47843763012278445,0.0634083679915684,0.06250679035859019,0.2802302403651107,0.2897530076794065,0.0095227673142958,0.0009015776329782121,0.0634083679915684,0.06250679035859019,1,"{'level_0': 4, 'level_1': 5, 'level_2': 5, 'level_3': 4, 'level_4': 1, 'level_5': 1}",0,0.0,1.0,1.0,0.0,1.0,1.0,0.0,0.0
45,0,80,4,0.5125,0.5375,0.025000000000000022,0.5,0.75,0.25,0.0,1.0,0.5,1.0,0.5,0.0,0.24816354939559743,0.22807156882559032,0.020091980570007106,0.2501799750334616,0.23637458335415673,0.01380539167930489,0.6673921884750964,0.6166518327126543,0.05074035576244207,0.6935073874590965,0.6658739685490254,0.027633418910071095,0.9673719859783727,0.6860376920349941,0.2813342939433786,0.9400678598392644,0.6551945089708928,0.2848733508683716,0.0035390569249930115,0.4928288881308065,0.4930746517016824,-0.00024576357087591205,0.5054151434594683,0.47746375686888,0.027951386590588267,0.02819715016146418,0.2813342939433786,0.2848733508683716,0.0035390569249930115,-0.00024576357087591205,0.027951386590588267,0.02819715016146418,2,"{'level_0': 3, 'level_1': 4, 'level_2': 2, 'level_3': 3}",2,0.015009380863039379,0.975,0.975,0.0,0.7073170731707317,0.6923076923076923,0.0,-0.008132836326668946
46,0,80,4,0.4875,0.5,0.012500000000000011,0.25,1.0,0.75,0.0,0.5,1.0,1.0,1.0,0.5,0.24682616091166026,0.21443839121773017,0.03238776969393009,0.25291383715060195,0.23535573203987997,0.017558105110721978,0.6629974289534122,0.5673145298361625,0.0956828991172497,0.6989755603700522,0.6638452259390234,0.035130334431028754,0.31543667776615464,0.03472420899570533,0.2807124687704493,0.36196431071219437,0.06417473242251504,0.29778957828967934,0.017077109519230027,0.49101716015019825,0.4967348453736423,-0.005717685223444069,0.512417244051538,0.4825864100610171,0.02983083399052089,0.03554851921396496,0.2807124687704493,0.29778957828967934,0.017077109519230027,-0.005717685223444069,0.02983083399052089,0.03554851921396496,1,"{'level_0': 4, 'level_1': 5, 'level_2': 7, 'level_3': 3}",2,0.25903576192593536,1.0,1.0,0.0,0.6271676300578035,0.36813186813186816,0.0,-0.015975422427035313
47,0,80,4,0.4875,0.5625,0.07500000000000001,0.75,1.0,0.25,0.5,1.0,1.0,1.0,0.5,0.0,0.25244707966322116,0.21996135183748816,0.032485727825733,0.24748070609295236,0.2288964428257753,0.018584263267177076,0.6849466561142471,0.5863125263563489,0.0986341297578982,0.6881084668188595,0.6508981649722482,0.03721030184661134,0.30785270696099704,0.034174174831572424,0.2736785321294246,0.35655118319125184,0.06556818139376769,0.29098300179748415,0.01730446966805954,0.5005793369350462,0.4955191522412175,0.005060184693828684,0.5235172453056056,0.48017294608718564,0.04334429921841998,0.038284114524591295,0.2736785321294246,0.29098300179748415,0.01730446966805954,0.005060184693828684,0.04334429921841998,0.038284114524591295,1,"{'level_0': 4, 'level_1': 6, 'level_2': 7, 'level_3': 3, 'level_4': 1}",2,0.10324405884571863,1.0,1.0,0.0,0.5850622406639004,0.4818181818181818,0.0,-0.01602564102564108
48,0,80,4,0.5,0.525,0.025000000000000022,0.5,1.0,0.5,1.0,0.0,1.0,1.0,0.0,1.0,0.25261010507683657,0.2293160500229007,0.023294055053935864,0.2505606081728682,0.2390757103581835,0.011484897814684675,0.7011178264261199,0.60749636144246,0.09362146498365986,0.6942678690700509,0.6712891530591522,0.022978716010898736,0.9666256878000754,0.6923834047266849,0.2742422830733905,0.9373407978202316,0.6591268181764881,0.2782139796437435,0.003971696570353012,0.5080998455367145,0.5090435554701812,-0.0009437099334667076,0.5185623221967555,0.496335386690839,0.02222693550591648,0.023170645439383186,0.2742422830733905,0.2782139796437435,0.003971696570353012,-0.0009437099334667076,0.02222693550591648,0.023170645439383186,1,"{'level_0': 4, 'level_1': 4, 'level_2': 5, 'level_3': 5, 'level_4': 1, 'level_5': 1}",2,0.1512176142085508,1.0,1.0,0.0,0.5981873111782477,0.44696969696969696,0.0,0.16460595634877973
49,0,80,4,0.5125,0.525,0.012500000000000067,0.75,1.0,0.25,0.5,1.0,1.0,1.0,0.5,0.0,0.24728792948918935,0.22520274543665048,0.02208518405253887,0.24630573571583542,0.23274806812558924,0.01355766759024618,0.6629170973889724,0.5997598870412156,0.06315721034775679,0.6857575292422373,0.6586236387447439,0.027133890497493374,0.9680361233404975,0.6852011677235751,0.2828349556169224,0.9367299829017816,0.652093207774797,0.2846367751269846,0.001801819510062197,0.5035636452365133,0.4960775473725991,0.007486097863914187,0.5171319699736601,0.48192536733841274,0.03520660263524733,0.027720504771333143,0.2828349556169224,0.2846367751269846,0.001801819510062197,0.007486097863914187,0.03520660263524733,0.027720504771333143,1,"{'level_0': 4, 'level_1': 6, 'level_2': 4, 'level_3': 2, 'level_4': 1}",1,0.058672404799165356,1.0,1.0,0.0,0.7577464788732394,0.6990740740740741,0.0,0.01757989776907276
50,0,80,4,0.5125,0.55,0.03750000000000009,0.5,1.0,0.5,1.0,0.0,1.0,1.0,0.0,1.0,0.25061812089227453,0.2206755705580689,0.02994255033420562,0.24884708946172912,0.23090602018861003,0.017941069273119087,0.6770068849358593,0.5905339992370249,0.08647288569883438,0.6908410930733373,0.654927462973429,0.035913630099908334,0.9664783909504562,0.6895774362984917,0.2769009546519645,0.9318366772853697,0.6445720632121591,0.2872646140732106,0.010363659421246063,0.5064414630956806,0.5040734275247758,0.002368035570904814,0.52655142560118,0.48744830970686326,0.0391031158943167,0.036735080323411884,0.2769009546519645,0.2872646140732106,0.010363659421246063,0.002368035570904814,0.0391031158943167,0.036735080323411884,1,"{'level_0': 2, 'level_1': 5, 'level_2': 5, 'level_3': 3, 'level_4': 1}",0,0.0,1.0,1.0,0.0,1.0,1.0,0.0,0.0
51,0,80,4,0.4875,0.525,0.03750000000000003,0.5,1.0,0.5,0.0,1.0,1.0,1.0,1.0,0.0,0.2502809291380746,0.23094472902839894,0.019336200109675655,0.24814635089034104,0.23919613728372774,0.0089502136066133,0.6779765552153041,0.6179072832517097,0.06006927196359435,0.689437474805305,0.6715356010982989,0.017901873707006133,0.31111139188812126,0.034479618343885944,0.2766317735442353,0.3397490451327978,0.06415142722288468,0.2755976179099131,-0.001034155634322187,0.4917078764541511,0.48770445206894464,0.0040034243852064555,0.5105706773919676,0.4887136818475938,0.021856995544373814,0.01785357115916736,0.2766317735442353,0.2755976179099131,-0.001034155634322187,0.0040034243852064555,0.021856995544373814,0.01785357115916736,1,"{'level_0': 3, 'level_1': 5, 'level_2': 5, 'level_3': 3, 'level_4': 1, 'level_5': 1}",2,0.043567543567543554,1.0,1.0,0.0,0.39826839826839827,0.3547008547008547,0.0,-0.09442446043165464
52,0,80,4,0.4875,0.575,0.08749999999999997,0.5,1.0,0.5,0.0,1.0,1.0,1.0,1.0,0.0,0.24868605475276068,0.20923209772925708,0.0394539570235036,0.24753824417784115,0.21077648026759105,0.0367617639102501,0.6635135435818642,0.5591433745366297,0.10437016904523455,0.6882224881948928,0.6144837105134859,0.07373877768140691,0.31237381921603136,0.033295824398203486,0.27907799481782786,0.3724202076070105,0.06848204183837858,0.3039381657686319,0.02486017095080406,0.4978717449696478,0.49286662922496327,0.005005115744684541,0.5516431859363358,0.4695118046516323,0.08213138128470349,0.07712626554001895,0.27907799481782786,0.3039381657686319,0.02486017095080406,0.005005115744684541,0.08213138128470349,0.07712626554001895,2,"{'level_0': 5, 'level_1': 10, 'level_2': 5, 'level_3': 2, 'level_4': 1}",2,0.036507936507936545,0.9262820512820513,0.9275,-0.0012179487179486692,0.29365079365079366,0.2571428571428571,-0.002142857142857113,0.00952380952380949
53,0,80,4,0.5,0.55,0.050000000000000044,0.5,0.75,0.25,0.5,0.5,0.5,1.0,0.0,0.5,0.24549434876852105,0.219432130114307,0.026062218654214042,0.2503327656368612,0.23842387800918893,0.011908887627672254,0.6518996111760966,0.5821747782508588,0.06972483292523779,0.6938126260674407,0.6699829713207277,0.023829654746712947,0.9664927059030866,0.6836585994661645,0.2828341064369221,0.9410368139449833,0.6448762191455837,0.2961605947993996,0.013326488362477518,0.5005965458100855,0.501210683635191,-0.000614137825105443,0.5037632173591711,0.4801403801064289,0.023622837252742168,0.02423697507784761,0.2828341064369221,0.2961605947993996,0.013326488362477518,-0.000614137825105443,0.023622837252742168,0.02423697507784761,1,"{'level_0': 3, 'level_1': 2, 'level_2': 4, 'level_3': 2, 'level_4': 1}",3,0.39999999999999997,1.0,1.0,0.0,0.6,0.2,0.0,
54,0,80,4,0.5125,0.5125,0.0,1.0,0.25,-0.75,1.0,1.0,0.5,0.0,-0.5,-1.0,0.24744631207527096,0.23710823203785622,0.010338080037414737,0.2380398747251084,0.25247974662692385,-0.014439871901815449,0.6923065753818327,0.6289094744924071,0.06339710088942563,0.6692174401786686,0.6981084477754136,-0.02889100759674501,0.3160520541095201,0.033885048137419105,0.282167005972101,0.32992412815305144,0.058043040438727975,0.27188108771432346,-0.010285918257777527,0.5167028742041299,0.4923939375392766,0.02430893666485323,0.5030676441634585,0.5078830438543614,-0.004815399690902944,-0.029124336355756175,0.282167005972101,0.27188108771432346,-0.010285918257777527,0.02430893666485323,-0.004815399690902944,-0.029124336355756175,1,"{'level_0': 2, 'level_1': 2, 'level_2': 4, 'level_3': 3, 'level_4': 1}",2,0.13086913086913088,1.0,1.0,0.0,0.6363636363636364,0.5054945054945055,0.0,-0.06181818181818177
55,0,80,4,0.4875,0.55,0.06250000000000006,0.5,1.0,0.5,1.0,0.0,1.0,1.0,0.0,1.0,0.24817404812211272,0.22409056051371118,0.024083487608401538,0.24346364149054933,0.22423134950323573,0.019232291987313604,0.6628065205434356,0.5993611917237557,0.0634453288196799,0.6800692245117246,0.641524950676015,0.038544273835709575,0.3135436258139879,0.03380930367525542,0.2797343221387325,0.35012961871883785,0.06503016150615963,0.2850994572126782,0.005365135073945704,0.5153677031709561,0.5020421960208946,0.013325507150061533,0.5244501561463628,0.47112578758863066,0.05332436855773215,0.039998861407670616,0.2797343221387325,0.2850994572126782,0.005365135073945704,0.013325507150061533,0.05332436855773215,0.039998861407670616,1,"{'level_0': 4, 'level_1': 5, 'level_2': 4, 'level_3': 1, 'level_4': 1}",2,0.23113207547169812,1.0,1.0,0.0,0.9811320754716981,0.75,0.0,-0.05714285714285716
56,0,80,4,0.4875,0.5375,0.04999999999999999,0.5,0.75,0.25,1.0,0.0,1.0,0.5,0.0,0.5,0.2506779428339268,0.217160840472149,0.033517102361777795,0.25286057020861813,0.2343259782284181,0.01853459198020002,0.6700480916519416,0.5749137614575981,0.09513433019434347,0.6988697312791351,0.6617582059430193,0.037111525336115836,0.30961970056799054,0.03154898150318854,0.278070719064802,0.3591624440722973,0.06204896866113997,0.29711347541115735,0.019042756346355327,0.5029770329591797,0.5085954603467713,-0.005618427387591551,0.5311019555899545,0.49864110133076506,0.03246085425918949,0.03807928164678104,0.278070719064802,0.29711347541115735,0.019042756346355327,-0.005618427387591551,0.03246085425918949,0.03807928164678104,1,"{'level_0': 3, 'level_1': 5, 'level_2': 6, 'level_3': 2}",1,0.014383226496950396,1.0,1.0,0.0,0.4499549143372408,0.4355716878402904,0.0,-0.03208594194649972
57,0,80,4,0.5,0.625,0.125,0.25,1.0,0.75,0.0,0.5,1.0,1.0,1.0,0.5,0.2506390889272219,0.2035053517058892,0.04713373722133271,0.251900890209117,0.2205176383813674,0.03138325182774959,0.6758142045164707,0.551499567138983,0.12431463737748771,0.6969490381303524,0.6340029068403154,0.06294613129003701,0.9656960102259756,0.6898515021134534,0.27584450811252226,0.9259878746832741,0.6156381691426562,0.3103497055406179,0.03450519742809566,0.4964657706457626,0.5002461991053346,-0.0037804284595720494,0.5094913086806315,0.4476721639020839,0.06181914477854761,0.06559957323811966,0.27584450811252226,0.3103497055406179,0.03450519742809566,-0.0037804284595720494,0.06181914477854761,0.06559957323811966,1,"{'level_0': 3, 'level_1': 6, 'level_2': 7, 'level_3': 6, 'level_4': 1}",1,0.021071800208116498,1.0,1.0,0.0,0.6097814776274714,0.5887096774193549,0.0,0.032426968039607096
58,0,80,4,0.5125,0.55,0.03750000000000009,1.0,1.0,0.0,1.0,1.0,1.0,1.0,0.0,0.0,0.24739375630300797,0.2201399338617626,0.027253822441245384,0.24366008337885797,0.23789700863513183,0.005763074743726143,0.6629478033761017,0.5863181658929583,0.07662963748314344,0.680466280959047,0.6689291785647515,0.011537102394295506,0.9679156944565543,0.6853971306477732,0.28251856380878115,0.9317510821048913,0.6450748556905209,0.2866762264143704,0.004157662605589252,0.50481875179411,0.4920442030078906,0.012774548786219364,0.50712155757137,0.48248743065380717,0.024634126917562837,0.011859578131343473,0.28251856380878115,0.2866762264143704,0.004157662605589252,0.012774548786219364,0.024634126917562837,0.011859578131343473,1,"{'level_0': 2, 'level_1': 3, 'level_2': 4, 'level_3': 1}",2,0.10977910977910976,1.0,1.0,0.0,0.6262626262626263,0.5164835164835165,0.0,-0.03664658634538154
59,0,80,4,0.5,0.5375,0.03749999999999998,0.25,1.0,0.75,0.5,0.0,1.0,1.0,0.5,1.0,0.2516829328458168,0.22605193723376837,0.0256309956120484,0.25024535239324774,0.22875871660655483,0.02148663578669291,0.696190558079095,0.6041501870815914,0.09204037099750362,0.6936376186877184,0.650631707462579,0.043005911225139415,0.9656573119593677,0.6907233370825102,0.27493397487685745,0.93476331451234,0.6526831694633229,0.282080145049017,0.007146170172159572,0.5036065055767869,0.5040462116535843,-0.00043970607679744145,0.5277155629475726,0.48420887751727015,0.04350668543030245,0.04394639150709989,0.27493397487685745,0.282080145049017,0.007146170172159572,-0.00043970607679744145,0.04350668543030245,0.04394639150709989,1,"{'level_0': 3, 'level_1': 4, 'level_2': 5, 'level_3': 3, 'level_4': 1}",1,0.024382079112777455,1.0,1.0,0.0,0.7227626459143969,0.6983805668016194,0.0,-0.023142334503386652
60,0,80,4,0.5,0.5875,0.08750000000000002,0.25,1.0,0.75,0.5,0.0,1.0,1.0,0.5,1.0,0.24355941542683449,0.21389129607219598,0.029668119354638506,0.24988624691517672,0.22397325208421842,0.025912994830958297,0.6461019910167833,0.5727720101025392,0.07332998091424414,0.6929192874768701,0.641009269392661,0.05191001808420914,0.9671776854744298,0.6814283603098673,0.28574932516456253,0.9357279608412812,0.634401877513046,0.3013260833282352,0.015576758163672655,0.5038211213317492,0.5035334219424126,0.0002876993893365931,0.5169525605094446,0.46303960109059095,0.053912959418853657,0.05362526002951706,0.28574932516456253,0.3013260833282352,0.015576758163672655,0.0002876993893365931,0.053912959418853657,0.05362526002951706,2,"{'level_0': 4, 'level_1': 5, 'level_2': 6, 'level_3': 4, 'level_4': 1}",0,0.0,0.6544871794871795,0.6125,0.04198717948717945,1.0,1.0,0.034603174603174525,0.0
61,0,80,4,0.5,0.5625,0.0625,0.25,1.0,0.75,0.0,0.5,1.0,1.0,1.0,0.5,0.25185829586832387,0.2113582087217149,0.040500087146608965,0.2535759840668458,0.21363631327008503,0.03993967079676075,0.6810834874365205,0.5652651473458661,0.11581834009065439,0.7002995741236383,0.6201940525313763,0.08010552159226203,0.30852773654900445,0.03258502640378762,0.2759427101452168,0.36970537857939306,0.06407747100757594,0.3056279075718171,0.029685197426600307,0.4943048644106004,0.501412992682483,-0.007108128271882563,0.5550211579524695,0.47871492061540916,0.07630623733706038,0.08341436560894294,0.2759427101452168,0.3056279075718171,0.029685197426600307,-0.007108128271882563,0.07630623733706038,0.08341436560894294,1,"{'level_0': 7, 'level_1': 10, 'level_2': 7, 'level_3': 1}",0,0.005769230769230749,1.0,1.0,0.0,0.9057692307692308,0.9,0.0,0.003055555555555589
62,0,80,4,0.4875,0.5125,0.024999999999999967,0.5,0.75,0.25,0.5,0.5,1.0,0.5,0.5,0.0,0.24737030095507703,0.2258516871857268,0.021518613769350242,0.2504575526638718,0.24687343677138618,0.0035841158924856398,0.6643862995494961,0.5991987410215682,0.0651875585279279,0.6940623862476771,0.6868930720083686,0.007169314239308555,0.314480220186248,0.034585211213016345,0.27989500897323166,0.346425423045019,0.06164869695254309,0.2847767260924759,0.004881717119244233,0.5006917116304442,0.5015865436613822,-0.0008948320309379865,0.5091567866110743,0.5027367426564855,0.006420043954588839,0.007314875985526825,0.27989500897323166,0.2847767260924759,0.004881717119244233,-0.0008948320309379865,0.006420043954588839,0.007314875985526825,1,"{'level_0': 2, 'level_1': 5, 'level_2': 3, 'level_3': 2}",0,0.0,1.0,1.0,0.0,1.0,1.0,0.0,0.0
63,0,80,4,0.4875,0.5125,0.024999999999999967,0.5,1.0,0.5,1.0,0.0,1.0,1.0,0.0,1.0,0.24985436079551468,0.23015917230881353,0.019695188486701154,0.2522498482515396,0.2329928692173563,0.01925697903418333,0.670076898491828,0.6103772525598773,0.05969964593195076,0.6976470918299946,0.65911270295093,0.038534388879064574,0.31089616521869956,0.03394696331252922,0.27694920190617034,0.33968187891885837,0.06089477437038702,0.27878710454847133,0.0018379026423009925,0.5005293214891307,0.5050013871790544,-0.004472065689923754,0.5104508110894321,0.4757345035782302,0.034716307511201916,0.03918837320112567,0.27694920190617034,0.27878710454847133,0.0018379026423009925,-0.004472065689923754,0.034716307511201916,0.03918837320112567,1,"{'level_0': 4, 'level_1': 3, 'level_2': 2, 'level_3': 1}",1,0.002624102154828334,1.0,1.0,0.0,0.9351955307262569,0.9325714285714286,0.0,0.0026857486289535437
64,0,80,4,0.5,0.5625,0.0625,0.25,1.0,0.75,0.5,0.0,1.0,1.0,0.5,1.0,0.24952546223101674,0.19312436258033222,0.056401099650684516,0.2519688813917085,0.22327167422165106,0.028697207170057415,0.6713655972827264,0.5161601681757053,0.15520542910702106,0.6970851605382781,0.639614700164078,0.057470460374200116,0.9673413391095489,0.688233389029515,0.27910795008003386,0.9320638239030853,0.6077951648484156,0.32426865905466973,0.045160708974635866,0.5009328529285519,0.5048350248126698,-0.0039021718841179,0.5324150766452126,0.47723205602689717,0.055183020618315426,0.059085192502433326,0.27910795008003386,0.32426865905466973,0.045160708974635866,-0.0039021718841179,0.055183020618315426,0.059085192502433326,1,"{'level_0': 6, 'level_1': 7, 'level_2': 4, 'level_3': 2}",1,0.050621268820508325,1.0,1.0,0.0,0.6797331109257715,0.6291118421052632,0.0,0.003034259862196853
65,0,80,4,0.5,0.5125,0.012499999999999956,0.5,0.5,0.0,1.0,0.0,1.0,0.0,0.0,0.0,0.25061097378919966,0.23539283514942796,0.0152181386397717,0.25092331758643777,0.23895705879736379,0.01196625878907398,0.6745663764650466,0.6280626350184184,0.046503741446628166,0.6949939148061155,0.6710252635568332,0.02396865124928227,0.9659239319019186,0.6897015711271807,0.27622236077473794,0.9369783421609675,0.6676171919483374,0.2693611502126302,-0.006861210562107756,0.5063524219545713,0.5080668666489117,-0.0017144446943403446,0.5305708709430929,0.5074875970380535,0.023083273905039392,0.024797718599379737,0.27622236077473794,0.2693611502126302,-0.006861210562107756,-0.0017144446943403446,0.023083273905039392,0.024797718599379737,1,"{'level_0': 3, 'level_1': 5, 'level_2': 4, 'level_3': 1}",1,0.015653107799704635,1.0,1.0,0.0,0.9130890052356021,0.8974358974358975,0.0,0.016297324328272578
66,0,80,4,0.525,0.525,0.0,1.0,1.0,0.0,1.0,1.0,1.0,1.0,0.0,0.0,0.2485745000593104,0.23025872724681157,0.018315772812498826,0.24378465382851436,0.23767197153934022,0.006112682289174137,0.6822360769007638,0.61278714573532,0.06944893116544382,0.6807149621182552,0.668484887706079,0.012230074412176273,0.9659361381971913,0.6854868419210913,0.28044929627609994,0.939434066236594,0.6597439161202727,0.27969015011632126,-0.0007591461597786786,0.5020812694383974,0.4895355837469584,0.01254568569143899,0.5144314856483029,0.48943788006311895,0.02499360558518393,0.012447919893744941,0.28044929627609994,0.27969015011632126,-0.0007591461597786786,0.01254568569143899,0.02499360558518393,0.012447919893744941,2,"{'level_0': 2, 'level_1': 4, 'level_2': 3, 'level_3': 2}",1,0.0004390147462436378,0.9512820512820512,0.95,0.0012820512820512775,0.887263339070568,0.8868243243243243,-0.0007142857142857784,-0.01622971285892627
67,0,80,4,0.5,0.525,0.025000000000000022,0.5,1.0,0.5,0.0,1.0,1.0,1.0,1.0,0.0,0.2506025902498997,0.22457551003339296,0.026027080216506765,0.25287461286738067,0.22700104604822943,0.025873566819151234,0.6752023695873685,0.5955828262200542,0.07961954336731425,0.698897599329683,0.6470686776387956,0.051828921690887375,0.3101068994162658,0.03305230829386534,0.27705459112240044,0.3483916548134232,0.06387919183579562,0.2845124629776276,0.007457871855227172,0.49032484362046036,0.4959607415391096,-0.005635897918649213,0.5127452096415477,0.4651760139900725,0.04756919565147516,0.05320509357012437,0.27705459112240044,0.2845124629776276,0.007457871855227172,-0.005635897918649213,0.04756919565147516,0.05320509357012437,1,"{'level_0': 2, 'level_1': 3, 'level_2': 3, 'level_3': 3, 'level_4': 1, 'level_5': 1}",0,0.0,1.0,1.0,0.0,1.0,1.0,0.0,0.0
68,0,80,4,0.4875,0.5125,0.024999999999999967,0.5,1.0,0.5,1.0,0.0,1.0,1.0,0.0,1.0,0.2448682162849199,0.2281268467495508,0.01674136953536909,0.24373206893583876,0.23233367678572922,0.011398392150109543,0.6574460663212337,0.6072306624918664,0.05021540382936729,0.6806071806884377,0.657796279235004,0.022810901453433674,0.31811782261366073,0.0338530600645722,0.2842647625490885,0.3434820179516976,0.060859309977702794,0.2826227079739948,-0.0016420545750936988,0.5143627205291758,0.5016122632961693,0.012750457233006496,0.5213276287714468,0.485303428231063,0.0360242005403838,0.023273743307377304,0.2842647625490885,0.2826227079739948,-0.0016420545750936988,0.012750457233006496,0.0360242005403838,0.023273743307377304,1,"{'level_0': 5, 'level_1': 6, 'level_2': 7, 'level_3': 6, 'level_4': 1}",3,0.375,1.0,1.0,0.0,0.375,0.0,0.0,0.3076923076923077
69,0,80,4,0.5,0.5375,0.03749999999999998,0.5,1.0,0.5,1.0,0.0,1.0,1.0,0.0,1.0,0.25068792504866433,0.2095603305387594,0.04112759450990494,0.25110824512673763,0.2192842342395347,0.031824010887202936,0.7027820845407753,0.5599336943825831,0.14284839015819217,0.6953641109243772,0.6316129993102677,0.06375111161410951,0.3108962196245818,0.034114155178408025,0.27678206444617376,0.370990674096867,0.06958996735090865,0.3014007067459583,0.024618642299784554,0.5053670314721646,0.5074898656125035,-0.0021228341403389805,0.536340991390027,0.4727219145580833,0.06361907683194368,0.06574191097228266,0.27678206444617376,0.3014007067459583,0.024618642299784554,-0.0021228341403389805,0.06361907683194368,0.06574191097228266,1,"{'level_0': 4, 'level_1': 5, 'level_2': 5, 'level_3': 4, 'level_4': 1, 'level_5': 1}",2,0.07870370370370372,1.0,1.0,0.0,0.7643097643097643,0.6856060606060606,0.0,-0.006688524590163891
70,0,80,4,0.4875,0.5875,0.10000000000000003,0.25,1.0,0.75,0.5,0.0,1.0,1.0,0.5,1.0,0.252924643230121,0.2177923964476879,0.03513224678243307,0.2522279049790608,0.21878820395041693,0.03343970102864385,0.6885926020799296,0.5816018457095511,0.10699075637037847,0.697603381248203,0.6306132178510855,0.0669901633971175,0.30733126445772063,0.03216135920330572,0.2751699052544149,0.36087849219063084,0.06241067076012646,0.2984678214305044,0.02329791617608945,0.49758443679490516,0.5019931000185844,-0.004408663223679277,0.540970611125459,0.47624495056181504,0.06472566056364393,0.0691343237873232,0.2751699052544149,0.2984678214305044,0.02329791617608945,-0.004408663223679277,0.06472566056364393,0.0691343237873232,1,"{'level_0': 4, 'level_1': 7, 'level_2': 5, 'level_3': 3, 'level_4': 1}",1,0.0009794553272814976,1.0,1.0,0.0,0.5108695652173914,0.5098901098901099,0.0,0.0073579969103556575
71,0,80,4,0.4875,0.5125,0.024999999999999967,0.5,1.0,0.5,0.5,0.5,1.0,1.0,0.5,0.5,0.25396312272910393,0.2261988237861746,0.02776429894292934,0.2480612840496043,0.23412287961973166,0.013938404429872653,0.7145583272932148,0.597070869758219,0.11748745753499579,0.6892652598112772,0.6613699371901487,0.027895322621128482,0.3064305338788566,0.03199809484281736,0.27443243903603926,0.3445189316031615,0.06571149104989489,0.2788074405532666,0.0043750015172273615,0.5102094882926408,0.5060236820181938,0.004185806274446979,0.5225546450100157,0.49010056416508835,0.03245408084492735,0.028268274570480367,0.27443243903603926,0.2788074405532666,0.0043750015172273615,0.004185806274446979,0.03245408084492735,0.028268274570480367,1,"{'level_0': 3, 'level_1': 7, 'level_2': 5, 'level_3': 2}",3,1.0,1.0,1.0,0.0,1.0,0.0,0.0,1.0
72,0,80,4,0.5,0.525,0.025000000000000022,0.5,1.0,0.5,1.0,0.0,1.0,1.0,0.0,1.0,0.2494210977611276,0.22751176517405539,0.021909332587072228,0.25010184892651044,0.2370079471258003,0.013093901800710128,0.6846301504976096,0.6043797497566006,0.08025040074100898,0.6933508399382575,0.6671553682566778,0.026195471681579763,0.9664593507575902,0.6885498999973312,0.27790945076025897,0.9347969940427665,0.6563117446852551,0.2784852493575114,0.0005757985972524304,0.5049823008952773,0.5051311365988876,-0.00014883570361035048,0.5149779899542929,0.4886143571996491,0.026363632754643818,0.026512468458254168,0.27790945076025897,0.2784852493575114,0.0005757985972524304,-0.00014883570361035048,0.026363632754643818,0.026512468458254168,1,"{'level_0': 2, 'level_1': 3, 'level_2': 5, 'level_3': 1, 'level_4': 1}",2,0.09633278598795836,1.0,1.0,0.0,0.7471264367816092,0.6507936507936508,0.0,-0.0570047079781143
73,0,80,4,0.4875,0.5,0.012500000000000011,0.25,1.0,0.75,0.0,0.5,1.0,1.0,1.0,0.5,0.2524475301709862,0.2349514272405234,0.017496102930462804,0.253050416112912,0.23173167747331505,0.021318738639596962,0.6864562001773047,0.6268277262191596,0.05962847395814508,0.6992485494151193,0.6565811217116126,0.04266742770350662,0.30788612121559256,0.03389999766777406,0.2739861235478185,0.33441004514538386,0.06217347528166123,0.27223656986372263,-0.0017495536840958503,0.49296713087508076,0.4989879557103607,-0.0060208248352799365,0.5110260514346119,0.47362539700333944,0.03740065443127244,0.043421479266552376,0.2739861235478185,0.27223656986372263,-0.0017495536840958503,-0.0060208248352799365,0.03740065443127244,0.043421479266552376,1,"{'level_0': 4, 'level_1': 5, 'level_2': 6, 'level_3': 5, 'level_4': 2}",3,0.2,1.0,1.0,0.0,0.2,0.0,0.0,-0.15384615384615385
74,0,80,4,0.5,0.5125,0.012499999999999956,0.5,1.0,0.5,0.0,1.0,1.0,1.0,1.0,0.0,0.25131647315709377,0.22907138919630182,0.022245083960791945,0.25058638505714126,0.23253407846118948,0.018052306595951778,0.7014803997526272,0.6075540766748309,0.09392632307779636,0.6943202163237161,0.6581962954681939,0.036123920855522185,0.9667743295973473,0.6905422071902787,0.2762321224070686,0.9359552669663559,0.6587605991604014,0.2771946678059545,0.0009625453988858501,0.49293922002352397,0.49400984171814444,-0.001070621694620466,0.5127364200383717,0.47710062849310997,0.03563579154526175,0.03670641323988222,0.2762321224070686,0.2771946678059545,0.0009625453988858501,-0.001070621694620466,0.03563579154526175,0.03670641323988222,1,"{'level_0': 1, 'level_1': 3, 'level_2': 4, 'level_3': 3}",1,0.04309465750387942,1.0,1.0,0.0,0.8482228626320846,0.8051282051282052,0.0,-0.018014835747085844
75,0,80,4,0.5,0.625,0.125,0.5,1.0,0.5,0.0,1.0,1.0,1.0,1.0,0.0,0.24784878722681092,0.20516610344401848,0.04268268378279244,0.2500786209520377,0.20252776890477245,0.04755085204726525,0.6612417089648709,0.5505700424126575,0.11067166655221339,0.6933043678681305,0.5978519281960556,0.09545243967207495,0.9667485174607144,0.6865282628586669,0.2802202546020476,0.9368164152299905,0.6193655634903535,0.31745085173963694,0.03723059713758936,0.4939413719963024,0.4940226882639878,-8.131626768542732e-05,0.5435560282812153,0.4433792396643046,0.1001767886169107,0.10025810488459613,0.2802202546020476,0.31745085173963694,0.03723059713758936,-8.131626768542732e-05,0.1001767886169107,0.10025810488459613,1,"{'level_0': 3, 'level_1': 2, 'level_2': 2, 'level_3': 1, 'level_4': 1}",1,0.01679668283083846,1.0,1.0,0.0,0.8130929791271347,0.7962962962962963,0.0,-0.020559137634403646
76,0,80,4,0.5,0.5625,0.0625,0.25,1.0,0.75,0.0,0.5,1.0,1.0,1.0,0.5,0.25147824743495584,0.21191608506568613,0.03956216236926971,0.2501798661657918,0.21961314589766684,0.03056672026812496,0.683755507669631,0.5678968073827708,0.11585870028686018,0.6935068634013557,0.6322729280281666,0.06123393537318911,0.30955713099339655,0.0330019957343005,0.27655513525909603,0.3690904198986362,0.06428868266696733,0.3048017372316689,0.028246601972572893,0.4993390475612246,0.49965925212240403,-0.00032020456117942686,0.5341976830425418,0.4712607921263551,0.0629368909161867,0.06325709547736613,0.27655513525909603,0.3048017372316689,0.028246601972572893,-0.00032020456117942686,0.0629368909161867,0.06325709547736613,2,"{'level_0': 5, 'level_1': 9, 'level_2': 8, 'level_3': 3}",2,0.06812169312169311,0.975,0.975,0.0,0.2824074074074074,0.21428571428571427,0.0,0.07777777777777778
77,0,80,4,0.4875,0.4875,0.0,0.25,1.0,0.75,0.5,0.0,1.0,1.0,0.5,1.0,0.2520538165683813,0.23099545085460543,0.02105836571377584,0.25286123121703286,0.23333377516740791,0.01952745604962494,0.6875840479002355,0.6133278176489677,0.07425623025126782,0.6988704883444169,0.6597779431433546,0.03909254520106231,0.3085633282645755,0.03318301810376028,0.2753803101608152,0.3386645509544097,0.06370406289953287,0.27496048805487683,-0.0004198221059383833,0.5043702368270904,0.5099525375023544,-0.005582300675263996,0.5305839351531695,0.4962893932440726,0.034294541909096865,0.03987684258436086,0.2753803101608152,0.27496048805487683,-0.0004198221059383833,-0.005582300675263996,0.034294541909096865,0.03987684258436086,1,"{'level_0': 2, 'level_1': 4, 'level_2': 1, 'level_3': 1}",0,0.0,1.0,1.0,0.0,1.0,1.0,0.0,0.0
78,0,80,4,0.4875,0.5,0.012500000000000011,0.75,1.0,0.25,0.5,1.0,1.0,1.0,0.5,0.0,0.24333422516042008,0.22265272685420517,0.020681498306214907,0.2485903124820997,0.23468638005180864,0.01390393243029106,0.6439140461006843,0.5895234489543774,0.054390597146306896,0.6903277433219465,0.6625071576076467,0.027820585714299795,0.31902473227463474,0.033223657264171674,0.28580107501046303,0.3501416619433474,0.06522996320966554,0.28491169873368183,-0.0008893762767812063,0.49810254698238815,0.4952471494967169,0.0028553974856712627,0.5109781616149509,0.47981594765439256,0.03116221396055835,0.028306816474887087,0.28580107501046303,0.28491169873368183,-0.0008893762767812063,0.0028553974856712627,0.03116221396055835,0.028306816474887087,1,"{'level_0': 3, 'level_1': 3, 'level_2': 2, 'level_3': 2, 'level_4': 2}",3,1.0,1.0,1.0,0.0,1.0,0.0,0.0,
79,0,80,4,0.5,0.5375,0.03749999999999998,0.5,1.0,0.5,0.5,0.5,1.0,1.0,0.5,0.5,0.25265677911419865,0.21045955278100098,0.04219722633319767,0.24793616470679702,0.2394212583539971,0.008514906352799917,0.6886911940892763,0.5571449637431057,0.13154623034617052,0.689019038594276,0.6719805607529468,0.01703847784132928,0.965336445736925,0.692144947594205,0.27319149814272004,0.9367212519379816,0.632318115351947,0.3044031365860346,0.031211638443314538,0.5004289549240677,0.49625782769762095,0.004171127226446747,0.5163828642510702,0.4948763532667739,0.021506510984296234,0.017335383757849487,0.27319149814272004,0.3044031365860346,0.031211638443314538,0.004171127226446747,0.021506510984296234,0.017335383757849487,1,"{'level_0': 2, 'level_1': 3, 'level_2': 3, 'level_3': 2, 'level_4': 2}",2,0.26534576534576537,1.0,1.0,0.0,0.9017094017094017,0.6363636363636364,0.0,0.015231092436974736
80,0,80,4,0.4875,0.5,0.012500000000000011,0.5,0.75,0.25,0.0,1.0,0.5,1.0,0.5,0.0,0.2537940255784269,0.2336520576356947,0.02014196794273221,0.25330789976624285,0.23543606911577736,0.017871830650465492,0.699846743950933,0.6208098871677393,0.07903685678319372,0.6997645639503245,0.6639977967217731,0.03576676722855143,0.3064117621666783,0.03217162450460773,0.27424013766207056,0.33538704733028313,0.06542368394586441,0.26996336338441873,-0.004276774277651829,0.4900909316393804,0.49657876638343945,-0.006487834744059062,0.5045143152919479,0.4746933716675757,0.02982094362437221,0.03630877836843127,0.27424013766207056,0.26996336338441873,-0.004276774277651829,-0.006487834744059062,0.02982094362437221,0.03630877836843127,1,"{'level_0': 4, 'level_1': 7, 'level_2': 4, 'level_3': 2}",1,0.0294992175273866,1.0,1.0,0.0,0.7906103286384977,0.7611111111111111,0.0,-0.022046529403334403
81,0,80,4,0.5,0.5125,0.012499999999999956,0.75,0.75,0.0,0.5,1.0,1.0,0.5,0.5,-0.5,0.25170865396903486,0.23302076695456972,0.018687887014465138,0.2476261386605016,0.24351026748263235,0.00411587117786924,0.6849788736323387,0.6130641417203495,0.07191473191198916,0.6883995213582847,0.6801643450554617,0.008235176302823,0.967004746452672,0.6908088533077335,0.27619589314493853,0.9459341423316425,0.665914631021085,0.2800195113105576,0.003823618165619047,0.49803041285072097,0.4931674168682695,0.00486299598245149,0.5102381517714406,0.4969895805725412,0.013248571198899384,0.008385575216447894,0.27619589314493853,0.2800195113105576,0.003823618165619047,0.00486299598245149,0.013248571198899384,0.008385575216447894,1,"{'level_0': 3, 'level_1': 2, 'level_2': 1, 'level_3': 2}",0,0.0,1.0,1.0,0.0,1.0,1.0,0.0,0.0
82,0,80,4,0.4875,0.5125,0.024999999999999967,0.25,1.0,0.75,0.0,0.5,1.0,1.0,1.0,0.5,0.25150559709639025,0.22842749115832292,0.023078105938067334,0.2533775950673878,0.2325400554203538,0.02083753964703397,0.6772193146723524,0.6099019230806515,0.06731739159170091,0.6999028124149282,0.6582101358035057,0.04169267661142251,0.308719297845955,0.03349700321380936,0.2752222946321456,0.34369458028784694,0.059445238766573684,0.28424934152127324,0.009027046889127643,0.4957459703834374,0.5024517570033148,-0.0067057866198774185,0.5155307966553446,0.47993820848680857,0.035592588168536055,0.04229837478841347,0.2752222946321456,0.28424934152127324,0.009027046889127643,-0.0067057866198774185,0.035592588168536055,0.04229837478841347,1,"{'level_0': 4, 'level_1': 5, 'level_2': 2, 'level_3': 2}",3,1.0,1.0,1.0,0.0,1.0,0.0,0.0,-0.1923076923076923
83,0,80,4,0.5,0.5125,0.012499999999999956,0.5,0.75,0.25,0.5,0.5,1.0,0.5,0.5,0.0,0.24823518991000318,0.2310775306866283,0.017157659223374866,0.25173657667673305,0.22795989682023846,0.023776679856494592,0.6654148050849462,0.6124478152146242,0.052966989870322,0.696620695903988,0.648974506930551,0.047646188973436976,0.9659652858149436,0.6866272136007728,0.27933807221417073,0.9361738668962503,0.6617297864527366,0.27444408044351365,-0.00489399177065708,0.4979376957845413,0.5013623389147002,-0.0034246431301588887,0.5350753520295954,0.4892717755430799,0.04580357648651556,0.04922821961667445,0.27933807221417073,0.27444408044351365,-0.00489399177065708,-0.0034246431301588887,0.04580357648651556,0.04922821961667445,1,"{'level_0': 3, 'level_1': 5, 'level_2': 6, 'level_3': 2}",2,0.2711020714018092,1.0,1.0,0.0,0.8089171974522293,0.5378151260504201,0.0,-0.017744287797763714
84,0,80,4,0.4875,0.5,0.012500000000000011,1.0,0.5,-0.5,1.0,1.0,0.5,0.5,-0.5,-0.5,0.2514023601051412,0.23208269467818635,0.019319665426954874,0.24581497510669822,0.2429287470099824,0.0028862280967158205,0.6740379685788305,0.6159567423253429,0.05808122625348755,0.6847768815263815,0.678998197422281,0.00577868410410054,0.30893335724644744,0.033479093115149204,0.27545426413129825,0.3369536112809547,0.06539594654212874,0.2715576647388259,-0.003896599392472333,0.5046686528485467,0.49625976963656465,0.008408883211982021,0.5071362855977987,0.4926944195031535,0.01444186609464515,0.006032982882663129,0.27545426413129825,0.2715576647388259,-0.003896599392472333,0.008408883211982021,0.01444186609464515,0.006032982882663129,1,"{'level_0': 3, 'level_1': 5, 'level_2': 6, 'level_3': 2, 'level_4': 1}",2,0.4036697247706422,1.0,1.0,0.0,0.9036697247706422,0.5,0.0,-0.05933020505238806
85,0,80,4,0.5,0.4875,-0.012500000000000011,0.5,0.75,0.25,0.5,0.5,0.5,1.0,0.0,0.5,0.24975242126388802,0.23671907119987745,0.013033350064010574,0.2502508902067786,0.24096138504876408,0.009289505158014522,0.6805221934631325,0.6297158560369583,0.05080633742617413,0.6936489758214432,0.6750452492030036,0.018603726618439675,0.3123012608500728,0.03485239796008463,0.27744886288998816,0.32994543001133914,0.05903125394877973,0.2709141760625594,-0.006534686827428748,0.4995276609512939,0.5000211610440604,-0.0004935000927664412,0.49794688059181674,0.47925778730024093,0.01868909329157581,0.01918259338434225,0.27744886288998816,0.2709141760625594,-0.006534686827428748,-0.0004935000927664412,0.01868909329157581,0.01918259338434225,1,"{'level_0': 2, 'level_1': 4, 'level_2': 4, 'level_3': 1, 'level_4': 1}",0,0.0,1.0,1.0,0.0,1.0,1.0,0.0,0.0
86,0,80,4,0.4875,0.55,0.06250000000000006,0.75,1.0,0.25,1.0,0.5,1.0,1.0,0.0,0.5,0.24920392479312917,0.21978689934612747,0.0294170254470017,0.24608315664277952,0.23237866047695285,0.013704496165826668,0.6943687055935325,0.588464666930798,0.10590403866273446,0.685312864946071,0.657859259587346,0.027453605358724986,0.31304923517576694,0.033942026165631745,0.2791072090101352,0.35796058443963413,0.058952664904020215,0.2990079195356139,0.019900710525478704,0.5074942844300923,0.49959618022718066,0.007898104202911593,0.5319199932365919,0.4956055920133245,0.0363144012232674,0.028416297020355807,0.2791072090101352,0.2990079195356139,0.019900710525478704,0.007898104202911593,0.0363144012232674,0.028416297020355807,2,"{'level_0': 1, 'level_1': 2, 'level_2': 5, 'level_3': 3, 'level_4': 1}",2,0.017859577368779855,0.8391025641025641,0.8375,0.0016025641025640969,0.3067484662576687,0.28888888888888886,-0.002460317460317385,0.07833497214028184
87,0,80,4,0.4875,0.5125,0.024999999999999967,0.5,1.0,0.5,1.0,0.0,1.0,1.0,0.0,1.0,0.2468498383238015,0.21412182089391632,0.03272801742988518,0.2501707542017325,0.23459625947581764,0.015574494725914878,0.6557357291340267,0.5644219831273188,0.09131374600670783,0.6934887271942902,0.6623231593238064,0.031165567870483857,0.31458856310301103,0.033551950681189734,0.2810366124218213,0.3614936700821743,0.06180262968849755,0.2996910403936768,0.01865442797185546,0.5040923242381649,0.5043932010833359,-0.0003008768451709942,0.5206241093844,0.48919047392763226,0.031433635456767695,0.03173451230193869,0.2810366124218213,0.2996910403936768,0.01865442797185546,-0.0003008768451709942,0.031433635456767695,0.03173451230193869,1,"{'level_0': 3, 'level_1': 5, 'level_2': 2, 'level_3': 1}",1,0.009465020576131633,1.0,1.0,0.0,0.9761316872427983,0.9666666666666667,0.0,0.0033038856568268216
88,0,80,4,0.4875,0.5125,0.024999999999999967,0.25,1.0,0.75,0.0,0.5,1.0,1.0,1.0,0.5,0.2534614818766852,0.23724100646288737,0.01622047541379784,0.25192336382442826,0.23765640099102223,0.014266962833406033,0.7098314927558674,0.6327773302097587,0.07705416254610875,0.6969940343758853,0.6684482541383406,0.028545780237544616,0.30692419516864067,0.03416145566486053,0.27276273950378016,0.33031819172035687,0.058394489571946775,0.2719237021484101,-0.0008390373553700536,0.498213891929584,0.5020400399519744,-0.003826148022390452,0.5063147330174587,0.481186699933472,0.025128033083986645,0.028954181106377097,0.27276273950378016,0.2719237021484101,-0.0008390373553700536,-0.003826148022390452,0.025128033083986645,0.028954181106377097,1,"{'level_0': 4, 'level_1': 3, 'level_2': 4, 'level_3': 2, 'level_4': 1}",1,0.0019337527757217199,1.0,1.0,0.0,0.9430051813471503,0.9410714285714286,0.0,0.00028588854158728694
89,0,80,4,0.5,0.525,0.025000000000000022,0.5,1.0,0.5,0.5,0.5,1.0,1.0,0.5,0.5,0.25171394832870064,0.22559471737853815,0.026119230950162498,0.25204310589577705,0.23267467544201173,0.019368430453765323,0.6832603492434023,0.5967865276556037,0.0864738215877986,0.6972335482087516,0.6584785191857441,0.03875502902300754,0.966386127671582,0.6912572628212967,0.2751288648502853,0.9343935847437042,0.6536365116217047,0.2807570731219995,0.005628208271714175,0.49840307927183036,0.5024665864677683,-0.004063507195937954,0.5144617750555728,0.4791310085177456,0.035330766537827185,0.03939427373376514,0.2751288648502853,0.2807570731219995,0.005628208271714175,-0.004063507195937954,0.035330766537827185,0.03939427373376514,1,"{'level_0': 3, 'level_1': 4, 'level_2': 5, 'level_3': 3}",0,0.0,1.0,1.0,0.0,1.0,1.0,0.0,0.0
90,0,80,4,0.5,0.525,0.025000000000000022,0.25,1.0,0.75,0.5,0.0,1.0,1.0,0.5,1.0,0.2529356305171241,0.22567266309787143,0.02726296741925266,0.25308799320434755,0.22732535904040668,0.025762634163940867,0.7005308047006221,0.6020109715077003,0.09851983319292179,0.6993235244348458,0.6477450212608229,0.051578503174022905,0.9675846573688354,0.6927979764204781,0.27478668094835723,0.9356827233192376,0.6534473033465569,0.28223541997268076,0.007448739024323525,0.4982980388776038,0.5044329131846529,-0.006134874307049065,0.513094353988305,0.4664220031429281,0.046672350845376964,0.05280722515242603,0.27478668094835723,0.28223541997268076,0.007448739024323525,-0.006134874307049065,0.046672350845376964,0.05280722515242603,1,"{'level_0': 1, 'level_1': 3, 'level_2': 6, 'level_3': 3, 'level_4': 1}",3,0.3333333333333333,1.0,1.0,0.0,0.3333333333333333,0.0,0.0,
91,0,80,4,0.5,0.525,0.025000000000000022,0.5,1.0,0.5,0.0,1.0,1.0,1.0,1.0,0.0,0.25050277970320084,0.22822153059184416,0.022281249111356677,0.24414384898741884,0.23877653952495817,0.005367309462460668,0.6749506930729308,0.6001228973951219,0.07482779567780884,0.681430647256546,0.6706947729444364,0.01073587431210965,0.967200113037298,0.6893296487355031,0.27787046430179496,0.9399629849312372,0.6587657661286618,0.2811972188025754,0.00332675450078046,0.4971307584395012,0.4851844718964332,0.011946286543068008,0.508557830378163,0.48581188206427195,0.022745948313891096,0.010799661770823088,0.27787046430179496,0.2811972188025754,0.00332675450078046,0.011946286543068008,0.022745948313891096,0.010799661770823088,1,"{'level_0': 2, 'level_1': 4, 'level_2': 3, 'level_3': 4, 'level_4': 2}",2,0.1363949483352468,1.0,1.0,0.0,0.5671641791044776,0.4307692307692308,0.0,-0.0008243267997801729
92,0,80,4,0.5,0.55,0.050000000000000044,0.75,1.0,0.25,1.0,0.5,1.0,1.0,0.0,0.5,0.24625223895123066,0.21377684085070808,0.03247539810052258,0.24839532172557904,0.2205717788688273,0.027823542856751732,0.6641420349436687,0.5673428788854327,0.09679915605823608,0.6899377773046684,0.6342029499270513,0.05573482737761715,0.31641115431334793,0.033682975442334125,0.2827281788710138,0.3642053530963954,0.06583843228076844,0.298366920815627,0.015638741944613177,0.5038570205502818,0.5006167752153667,0.0032402453349150706,0.5228594546346397,0.462007312928448,0.06085214170619169,0.057611896371276616,0.2827281788710138,0.298366920815627,0.015638741944613177,0.0032402453349150706,0.06085214170619169,0.057611896371276616,2,"{'level_0': 3, 'level_1': 7, 'level_2': 5, 'level_3': 3}",2,0.21399351107349415,0.7955128205128205,0.8,-0.004487179487179582,0.41007194244604317,0.19607843137254902,0.011904761904761973,-0.2054263565891473
93,0,80,4,0.525,0.5125,-0.012500000000000067,0.5,1.0,0.5,0.5,0.5,1.0,1.0,0.5,0.5,0.24481535649935204,0.23358778654891382,0.011227569950438221,0.2469383994883032,0.23305660662907837,0.013881792859224834,0.6663256924668512,0.6205537303019373,0.04577196216491397,0.6870221864827484,0.6592342502147027,0.027787936268045654,0.9658118364895417,0.6806728383732307,0.28513899811631105,0.9346926339613713,0.6648298433890822,0.269862790572289,-0.015276207544022036,0.5016318233165712,0.49527667754557597,0.006355145770995219,0.522310374727087,0.48763299267294846,0.034677382054138506,0.028322236283143287,0.28513899811631105,0.269862790572289,-0.015276207544022036,0.006355145770995219,0.034677382054138506,0.028322236283143287,1,"{'level_0': 3, 'level_1': 4, 'level_2': 4, 'level_3': 5}",1,0.044093322201042895,1.0,1.0,0.0,0.6108949416342413,0.5668016194331984,0.0,0.03399416621347695
94,0,80,4,0.5,0.5,0.0,0.75,1.0,0.25,0.5,1.0,1.0,1.0,0.5,0.0,0.24479993259238367,0.22730954742817872,0.017490385164204952,0.24639165965059223,0.23001137920734904,0.01638028044324319,0.6536114981539936,0.6029610460384068,0.05065045211558672,0.6859296968057674,0.653145276150118,0.03278442065564946,0.3180300709349809,0.03582774517518915,0.28220232575979176,0.343508076361808,0.06580214841071488,0.27770592795109317,-0.004496397808698593,0.5007017334405371,0.4934211451097833,0.0072805883307538455,0.5209518942842682,0.4801071923589114,0.04084470192535683,0.033564113594602984,0.28220232575979176,0.27770592795109317,-0.004496397808698593,0.0072805883307538455,0.04084470192535683,0.033564113594602984,2,"{'level_0': 3, 'level_1': 4, 'level_2': 5, 'level_3': 2}",1,0.03158131035460554,0.975,0.975,0.0,0.8949416342412452,0.8633603238866396,0.0,-0.001358391353035615
95,0,80,4,0.4875,0.575,0.08749999999999997,0.0,1.0,1.0,0.0,0.0,1.0,1.0,1.0,1.0,0.25458406183639354,0.2154541734478958,0.039129888388497736,0.25343493825699576,0.2202767138257803,0.033158224431215466,0.7155642626779093,0.5747017463945847,0.14086251628332458,0.700017384709554,0.6335509930297973,0.06646639167975665,0.3051165150126836,0.03310129432076075,0.27201522069192285,0.3632164059395045,0.06829944555597027,0.2949169603835342,0.022901739691611356,0.4960578136240498,0.5028882503157369,-0.006830436691687092,0.5462709821639777,0.48422996098070614,0.062041021183271594,0.06887145787495869,0.27201522069192285,0.2949169603835342,0.022901739691611356,-0.006830436691687092,0.062041021183271594,0.06887145787495869,1,"{'level_0': 3, 'level_1': 5, 'level_2': 6, 'level_3': 2, 'level_4': 2}",3,0.25,1.0,1.0,0.0,0.75,0.5,0.0,
96,0,80,4,0.4875,0.5375,0.04999999999999999,0.75,1.0,0.25,1.0,0.5,1.0,1.0,0.0,0.5,0.25076136924360803,0.22485770003057812,0.025903669213029917,0.24716242021853674,0.22046456275556758,0.026697857462969155,0.7084332051428204,0.5939338349887662,0.1144993701540542,0.6874715049701094,0.633978089798128,0.05349341517198147,0.31101006947159715,0.03311993458157975,0.2778901348900174,0.34751017667214207,0.06203170218283016,0.2854784744893119,0.007588339599294502,0.5055650002864027,0.4998437553392969,0.005721244947105797,0.5293412048513392,0.4681694698119461,0.06117173503939305,0.05545049009228725,0.2778901348900174,0.2854784744893119,0.007588339599294502,0.005721244947105797,0.06117173503939305,0.05545049009228725,1,"{'level_0': 2, 'level_1': 4, 'level_2': 3, 'level_3': 4, 'level_4': 1}",1,0.09580507047674025,1.0,1.0,0.0,0.5356472795497186,0.43984220907297833,0.0,-0.03346338221591211
97,0,80,4,0.4875,0.55,0.06250000000000006,0.25,0.75,0.5,0.5,0.0,1.0,0.5,0.5,0.5,0.23816844153982072,0.21348258042881216,0.024685861111008567,0.2513941844084546,0.23081929070292662,0.020574893705528008,0.626036241544681,0.5728071166893745,0.05322912485530651,0.6959355509378614,0.6547308627050827,0.041204688232778675,0.3257281521769405,0.03602220781421071,0.2897059443627298,0.36709953061964634,0.06326690408171526,0.3038326265379311,0.0141266821752013,0.5037496625001978,0.5064507666241886,-0.0027011041239908273,0.533748893698438,0.4939621797304181,0.039786713968019916,0.04248781809201074,0.2897059443627298,0.3038326265379311,0.0141266821752013,-0.0027011041239908273,0.039786713968019916,0.04248781809201074,1,"{'level_0': 4, 'level_1': 6, 'level_2': 7, 'level_3': 4}",2,0.25127046866177305,1.0,1.0,0.0,0.38961038961038963,0.1383399209486166,0.0,0.08830564354515485
98,0,80,4,0.5,0.5,0.0,0.25,1.0,0.75,0.0,0.5,1.0,1.0,1.0,0.5,0.2515044530193221,0.22240981516869826,0.029094637850623856,0.2531198899373101,0.23807085498692782,0.01504903495038229,0.7003384944677842,0.5889190775699162,0.11141941689786794,0.6993882688424453,0.6692810588976691,0.030107209944776225,0.9672263649139714,0.6908839662506127,0.27634239866335875,0.9368718781755068,0.6495552233135327,0.2873166548619741,0.010974256198615362,0.4908998699142192,0.49702652172929424,-0.006126651815075046,0.5118005407332241,0.4875812962180154,0.024219244515208738,0.030345896330283784,0.27634239866335875,0.2873166548619741,0.010974256198615362,-0.006126651815075046,0.024219244515208738,0.030345896330283784,1,"{'level_0': 4, 'level_1': 7, 'level_2': 6, 'level_3': 3, 'level_4': 1}",2,0.2874952052167242,1.0,1.0,0.0,0.5147679324894515,0.22727272727272727,0.0,-0.07339901477832511
99,0,80,4,0.4875,0.525,0.03750000000000003,0.5,0.5,0.0,0.0,1.0,0.0,1.0,0.0,0.0,0.2463239636981259,0.23348296492824003,0.01284099876988587,0.24670410760834588,0.24586723008755818,0.0008368775207877044,0.6623693859139538,0.624370231879003,0.0379991540349508,0.6865521876001066,0.6848791606830248,0.0016730269170818213,0.3160205079162654,0.03517420569786081,0.28084630221840456,0.33600439437441587,0.061963918532599124,0.27404047584181673,-0.006805826376587831,0.4950384638024732,0.4882563427594774,0.006782121042995803,0.49586070181873954,0.48741777887875737,0.008442922939982167,0.0016608018969863636,0.28084630221840456,0.27404047584181673,-0.006805826376587831,0.006782121042995803,0.008442922939982167,0.0016608018969863636,2,"{'level_0': 3, 'level_1': 3, 'level_2': 4, 'level_3': 2}",0,0.0,0.9025641025641026,0.905,-0.0024358974358974494,1.0,1.0,-0.004285714285714226,0.0
100,0,80,4,0.5,0.525,0.025000000000000022,0.75,0.75,0.0,1.0,0.5,1.0,0.5,0.0,0.0,0.24732782193736985,0.22923876945952806,0.01808905247784179,0.24858671258070286,0.2402558489055754,0.008330863675127476,0.6692680546762186,0.6085103429607435,0.06075771171547517,0.6903211151825788,0.6736451276927734,0.016675987489805366,0.31547229861816806,0.03283632119422304,0.28263597742394503,0.3413215127677912,0.056978518833932214,0.284342993933859,0.00170701650991395,0.507555689479076,0.5045989476071062,0.0029567418719698146,0.5216120692656581,0.501622872272963,0.01998919699269508,0.017032455120725265,0.28263597742394503,0.284342993933859,0.00170701650991395,0.0029567418719698146,0.01998919699269508,0.017032455120725265,1,"{'level_0': 3, 'level_1': 3, 'level_2': 3, 'level_3': 2}",2,0.12825396825396818,1.0,1.0,0.0,0.7155555555555555,0.5873015873015873,0.0,0.1256490952006295
101,0,80,4,0.4875,0.5375,0.04999999999999999,0.5,1.0,0.5,0.0,1.0,1.0,1.0,1.0,0.0,0.2515029459760283,0.2158095496876057,0.03569339628842258,0.24873808033274936,0.2301150980623236,0.018622982270425747,0.6799032171976421,0.5770537308544961,0.10284948634314606,0.6906232956094712,0.6533395694624374,0.03728372614703379,0.30909113055910015,0.03396918764129518,0.27512194291780495,0.3626135600463839,0.07005209159203056,0.2925614684543533,0.017439525536548373,0.4997276222285875,0.49719435227823805,0.0025332699503494704,0.517531529194956,0.4767443776100231,0.04078715158493296,0.038253881634583486,0.27512194291780495,0.2925614684543533,0.017439525536548373,0.0025332699503494704,0.04078715158493296,0.038253881634583486,1,"{'level_0': 5, 'level_1': 6, 'level_2': 7, 'level_3': 2, 'level_4': 1}",1,0.0010125467752586381,1.0,1.0,0.0,0.7295839753466872,0.7285714285714285,0.0,-0.021529209621993117
102,0,80,4,0.5125,0.5625,0.050000000000000044,0.75,1.0,0.25,1.0,0.5,1.0,1.0,0.0,0.5,0.25025706546655,0.2091555207449122,0.04110154472163782,0.24494777575462928,0.22404171689126084,0.020906058863368437,0.6736990988352961,0.5577360983015447,0.11596300053375141,0.683041689249061,0.6411731523707922,0.04186853687826875,0.9657460399008976,0.6889949280848711,0.2767511118160265,0.9318098967197394,0.6284216605514295,0.3033882361683099,0.02663712435228338,0.5088555450378359,0.49865611757493244,0.010199427462903476,0.5207514207496042,0.4673233452661161,0.05342807548348816,0.04322864802058468,0.2767511118160265,0.3033882361683099,0.02663712435228338,0.010199427462903476,0.05342807548348816,0.04322864802058468,1,"{'level_0': 3, 'level_1': 6, 'level_2': 8, 'level_3': 6, 'level_4': 1}",0,0.0,1.0,1.0,0.0,1.0,1.0,0.0,0.0
103,0,80,4,0.5,0.525,0.025000000000000022,0.75,1.0,0.25,0.5,1.0,1.0,1.0,0.5,0.0,0.2511113465097641,0.22863673889302313,0.022474607616740944,0.24841910422686805,0.23060564113809842,0.017813463088769632,0.6823564568036898,0.6090019196007587,0.07335453720293117,0.6899853214875837,0.6543022335447353,0.03568308794284847,0.9675037553930256,0.6901450599308229,0.2773586954622027,0.9379227369857503,0.6569775866651529,0.2809451503205974,0.0035864548583947053,0.500383771706399,0.49719224255834027,0.003191529148058758,0.5113645096496797,0.4713769439666626,0.039987565683017146,0.03679603653495839,0.2773586954622027,0.2809451503205974,0.0035864548583947053,0.003191529148058758,0.039987565683017146,0.03679603653495839,1,"{'level_0': 2, 'level_1': 4, 'level_2': 5, 'level_3': 5}",1,0.06327736138637141,1.0,1.0,0.0,0.8395815170008718,0.7763041556145004,0.0,-0.019698365185355837
104,0,80,4,0.5,0.5375,0.03749999999999998,0.5,1.0,0.5,0.0,1.0,1.0,1.0,1.0,0.0,0.24989331201736506,0.22137339360222877,0.02851991841513629,0.24897515196979947,0.21318607584371416,0.03578907612608531,0.6732098632604967,0.5898376877288636,0.08337217553163312,0.6910982826395797,0.6192195748272161,0.07187870781236361,0.311537009760659,0.03291674087947148,0.2786202688811875,0.3534726505556356,0.07073502962168458,0.282737620933951,0.004117352052763479,0.4925544629351146,0.49030561228509856,0.0022488506500160654,0.5184505469345353,0.44066856909545093,0.07778197783908436,0.0755331271890683,0.2786202688811875,0.282737620933951,0.004117352052763479,0.0022488506500160654,0.07778197783908436,0.0755331271890683,1,"{'level_0': 4, 'level_1': 8, 'level_2': 5, 'level_3': 3, 'level_4': 2}",1,0.008476456752318784,1.0,1.0,0.0,0.8561776061776062,0.8477011494252874,0.0,0.004522225081804554
105,0,80,4,0.5125,0.525,0.012500000000000067,0.5,1.0,0.5,1.0,0.0,1.0,1.0,0.0,1.0,0.24561636016044455,0.22471053399706725,0.0209058261633773,0.2456070566661752,0.22610377909533463,0.019503277570840555,0.6588675980905612,0.5950680204292966,0.06379957766126454,0.6843553193674301,0.6452485958702907,0.039106723497139395,0.96763162447264,0.6825513065832051,0.2850803178894349,0.9345288893900889,0.6523711636743483,0.2821577257157406,-0.002922592173694283,0.5137136205912922,0.5046655653374943,0.009048055253797926,0.5438373304471098,0.49407254603053063,0.049764784416579166,0.04071672916278124,0.2850803178894349,0.2821577257157406,-0.002922592173694283,0.009048055253797926,0.049764784416579166,0.04071672916278124,1,"{'level_0': 2, 'level_1': 4, 'level_2': 4, 'level_3': 3, 'level_4': 1}",2,0.2777598710717164,1.0,1.0,0.0,0.8424657534246576,0.5647058823529412,0.0,0.02213592233009709
106,0,80,4,0.4875,0.5,0.012500000000000011,0.0,1.0,1.0,0.0,0.0,1.0,1.0,1.0,1.0,0.25293691675551444,0.2137117478642628,0.03922516889125163,0.25373853379745925,0.22821245628527925,0.02552607751218,0.7122513116562492,0.5659870449572422,0.14626426669900705,0.7006246236752951,0.6495339977275139,0.05109062594778124,0.3073316175034867,0.03312251642610475,0.27420910107738194,0.3629232507137525,0.069234871991289,0.29368837872246345,0.019479277645081505,0.49906242506632476,0.5064960911603288,-0.007433666094004032,0.5183353626217381,0.4736454926096561,0.04468987001208197,0.052123536106086,0.27420910107738194,0.29368837872246345,0.019479277645081505,-0.007433666094004032,0.04468987001208197,0.052123536106086,1,"{'level_0': 3, 'level_1': 5, 'level_2': 5, 'level_3': 2}",0,0.0,1.0,1.0,0.0,1.0,1.0,0.0,0.0
107,0,80,4,0.4875,0.525,0.03750000000000003,0.5,0.75,0.25,0.5,0.5,0.5,1.0,0.0,0.5,0.24538906646003872,0.22475892987232027,0.02063013658771845,0.24845725486093112,0.23781678099080897,0.010640473870122152,0.6507693965770555,0.5983786495612597,0.05239074701579571,0.6900612081566839,0.6687695434227555,0.021291664733928406,0.3165597033324923,0.03327865101069065,0.2832810523218016,0.34894764599318917,0.06188105195660987,0.2870665940365793,0.003785541714777685,0.5008797165938418,0.4976808460823261,0.0031988705115156835,0.5085083006157806,0.48368867961158113,0.024819621004199433,0.02162075049268375,0.2832810523218016,0.2870665940365793,0.003785541714777685,0.0031988705115156835,0.024819621004199433,0.02162075049268375,1,"{'level_0': 3, 'level_1': 3, 'level_2': 4, 'level_3': 3}",0,0.0,1.0,1.0,0.0,1.0,1.0,0.0,0.0
108,0,80,4,0.5125,0.525,0.012500000000000067,0.75,1.0,0.25,0.5,1.0,1.0,1.0,0.5,0.0,0.24576535112327882,0.23441049762912156,0.011354853494157269,0.24838828886480918,0.23241483630768778,0.015973452557121404,0.6576452045349133,0.6304855584696989,0.02715964606521437,0.6899238549840897,0.6579613474590289,0.0319625075250608,0.9674000044541643,0.6838057821032336,0.2835942223509307,0.9369683174578679,0.6642820073973291,0.2726863100605388,-0.010907912290391897,0.4988495042923921,0.49553307040079686,0.0033164338915952496,0.5187378582990514,0.48291748607212426,0.03582037222692713,0.03250393833533188,0.2835942223509307,0.2726863100605388,-0.010907912290391897,0.0033164338915952496,0.03582037222692713,0.03250393833533188,2,"{'level_0': 3, 'level_1': 4, 'level_2': 3, 'level_3': 1, 'level_4': 1}",2,0.09495856353591159,0.975,0.975,0.0,0.6574585635359116,0.5625,0.0,-0.10307017543859642
109,0,80,4,0.4875,0.55,0.06250000000000006,0.5,1.0,0.5,1.0,0.0,1.0,1.0,0.0,1.0,0.24753762705449772,0.21118394022595588,0.03635368682854184,0.2507589323797885,0.2238369103340255,0.026922022045763022,0.6642793751621522,0.5632351029192262,0.101044272242926,0.6946652312787367,0.6407693837189641,0.053895847559772614,0.314217454399759,0.03297915079822457,0.28123830360153446,0.3682860854761442,0.06669431085300606,0.30159177462313813,0.020353471021603675,0.5044640370785278,0.5059236265793858,-0.001459589500858005,0.528282920145873,0.47449178792058444,0.05379113222528853,0.055250721726146534,0.28123830360153446,0.30159177462313813,0.020353471021603675,-0.001459589500858005,0.05379113222528853,0.055250721726146534,1,"{'level_0': 5, 'level_1': 6, 'level_2': 5, 'level_3': 3, 'level_4': 1}",2,0.3106629143214509,1.0,1.0,0.0,0.5670731707317073,0.2564102564102564,0.0,0.10273224043715845
110,0,80,4,0.5,0.55,0.050000000000000044,0.5,1.0,0.5,1.0,0.0,1.0,1.0,0.0,1.0,0.25460660018312836,0.21298124775381141,0.04162535242931695,0.25230697036146116,0.2213266674000483,0.030980302961412853,0.7150170978556327,0.5699883325889095,0.14502876526672326,0.6977628035804911,0.6357232013892856,0.06203960219120552,0.9661508906730478,0.6948712131664262,0.27127967750662163,0.9364952955936209,0.6328788428224956,0.30361645277112526,0.032336775264503625,0.5046957462933482,0.5091753817179702,-0.0044796354246219305,0.5308914902933393,0.4716871493670649,0.05920434092627436,0.06368397635089629,0.27127967750662163,0.30361645277112526,0.032336775264503625,-0.0044796354246219305,0.05920434092627436,0.06368397635089629,1,"{'level_0': 3, 'level_1': 4, 'level_2': 4, 'level_3': 2, 'level_4': 1, 'level_5': 1}",1,0.03198870095421813,1.0,1.0,0.0,0.6763236763236763,0.6443349753694582,0.0,0.0039904892931238445
111,0,80,4,0.5,0.55,0.050000000000000044,0.5,1.0,0.5,0.0,1.0,1.0,1.0,1.0,0.0,0.24524790019843695,0.22072721109244547,0.024520689105991478,0.2456114257972435,0.22384500494382928,0.02176642085341421,0.656700191015587,0.5926423400281384,0.06405785098744854,0.6843677880748819,0.6407441152477236,0.04362367282715829,0.9656280509856776,0.6829149325080012,0.28271311847767644,0.9327937875903455,0.6444537356315344,0.28834005195881107,0.005626933481134633,0.49694299094079714,0.48800855177938424,0.0089344391614129,0.5199153645229402,0.4656618471285081,0.05425351739443207,0.04531907823301917,0.28271311847767644,0.28834005195881107,0.005626933481134633,0.0089344391614129,0.05425351739443207,0.04531907823301917,1,"{'level_0': 4, 'level_1': 5, 'level_2': 4, 'level_3': 1}",2,0.023809523809523836,1.0,1.0,0.0,0.7738095238095238,0.75,0.0,0.010928242264647725
112,0,80,4,0.5,0.525,0.025000000000000022,0.5,1.0,0.5,1.0,0.0,1.0,1.0,0.0,1.0,0.24791285492720996,0.22020437209537408,0.027708482831835884,0.2508800210250903,0.2303857622212897,0.020494258803800625,0.662090498132707,0.5835064174015818,0.07858408073112522,0.6949066599202648,0.6538779843715072,0.041028675548757554,0.9651252359910771,0.6865134957285927,0.2786117402624845,0.9329015272290999,0.6460417984358878,0.2868597287932121,0.008247988530727612,0.507466014720086,0.5090440600256447,-0.0015780453055587174,0.5305914536465932,0.49029350887713674,0.04029794476945647,0.04187599007501519,0.2786117402624845,0.2868597287932121,0.008247988530727612,-0.0015780453055587174,0.04029794476945647,0.04187599007501519,1,"{'level_0': 6, 'level_1': 6, 'level_2': 4, 'level_3': 4, 'level_4': 3}",3,0.5833333333333334,1.0,1.0,0.0,0.5833333333333334,0.0,0.0,0.047619047619047616
113,0,80,4,0.5,0.5625,0.0625,0.25,1.0,0.75,0.0,0.5,1.0,1.0,1.0,0.5,0.2542572807133133,0.22095956482039023,0.0332977158929231,0.2521814999550457,0.2207665851469406,0.03141491480810507,0.689342914091702,0.5915418458884915,0.09780106820321055,0.6975103906897873,0.6345961174112283,0.06291427327855892,0.9666360510236555,0.6947432770423406,0.27189277398131484,0.931254053889916,0.6442353118012601,0.28701874208865585,0.015125968107341015,0.4944828681069584,0.4988111979690338,-0.004328329862075375,0.5266595315202774,0.4662466640265555,0.06041286749372193,0.06474119735579731,0.27189277398131484,0.28701874208865585,0.015125968107341015,-0.004328329862075375,0.06041286749372193,0.06474119735579731,1,"{'level_0': 3, 'level_1': 9, 'level_2': 9, 'level_3': 3}",2,0.0006184291898577721,1.0,1.0,0.0,0.22510822510822512,0.22448979591836735,0.0,-0.0333646956647608
114,0,80,4,0.5125,0.525,0.012500000000000067,0.0,1.0,1.0,0.0,0.0,1.0,1.0,1.0,1.0,0.24473023544338143,0.22524519467182486,0.019485040771556578,0.25315106489403005,0.2164867081327877,0.036664356761242356,0.6483845123858322,0.5990146495855764,0.04936986280025579,0.6994494550892115,0.6258937923606522,0.07355566272855929,0.9650931802036216,0.6822218158856552,0.28287136431796633,0.9355968497882012,0.6529511047776265,0.2826457450105747,-0.0002256193073916224,0.49617620261911405,0.5024526919740653,-0.006276489354951231,0.5484749847172461,0.47819180101408537,0.07028318370316072,0.07655967305811195,0.28287136431796633,0.2826457450105747,-0.0002256193073916224,-0.006276489354951231,0.07028318370316072,0.07655967305811195,1,"{'level_0': 4, 'level_1': 4, 'level_2': 5, 'level_3': 3, 'level_4': 1}",1,0.028921791089932647,1.0,1.0,0.0,0.8633235004916421,0.8344017094017094,0.0,0.014421296296296293
115,0,80,4,0.4875,0.5,0.012500000000000011,0.5,0.75,0.25,0.0,1.0,0.5,1.0,0.5,0.0,0.248553137692539,0.2334124258187414,0.015140711873797619,0.24868164779431684,0.23280846770714003,0.015873180087176808,0.6620302599200236,0.6330358196508273,0.028994440269196287,0.6905099260844608,0.6587130941956394,0.03179683188882143,0.31259586132435235,0.032832190047738574,0.2797636712766138,0.33680045253361707,0.06070873244574397,0.2760917200878731,-0.0036719511887406964,0.49528992935886484,0.4925677225239421,0.002722206834922747,0.5024528002322358,0.4668751173255157,0.03557768290672014,0.032855476071797396,0.2797636712766138,0.2760917200878731,-0.0036719511887406964,0.002722206834922747,0.03557768290672014,0.032855476071797396,1,"{'level_0': 2, 'level_1': 5, 'level_2': 2, 'level_3': 3}",1,0.023926581448705297,1.0,1.0,0.0,0.9498525073746312,0.9259259259259259,0.0,-0.0029959795886810303
116,0,80,4,0.5,0.55,0.050000000000000044,0.5,1.0,0.5,0.0,1.0,1.0,1.0,1.0,0.0,0.25017878781227365,0.22074836032675305,0.029430427485520605,0.250146209540633,0.2182199139334881,0.03192629560714488,0.6830799178164566,0.591983848547253,0.09109606926920355,0.6934396035949113,0.6294813103106627,0.06395829328424862,0.3113631412145488,0.03266609299452916,0.2786970482200196,0.35578609465844757,0.06173425264143504,0.2940518420170125,0.015354793796992894,0.495840310498731,0.4960847933561349,-0.00024448285740391595,0.5304018609455078,0.46455268471369005,0.06584917623181774,0.06609365908922166,0.2786970482200196,0.2940518420170125,0.015354793796992894,-0.00024448285740391595,0.06584917623181774,0.06609365908922166,1,"{'level_0': 2, 'level_1': 3, 'level_2': 3, 'level_3': 1}",0,0.0,1.0,1.0,0.0,1.0,1.0,0.0,0.0
117,0,80,4,0.5,0.5875,0.08750000000000002,0.25,1.0,0.75,0.5,0.0,1.0,1.0,0.5,1.0,0.2473553446618672,0.21499431994697504,0.03236102471489216,0.25253334266088906,0.2123829780687385,0.04015036459215057,0.6602153152963486,0.5771106079249915,0.08310470737135711,0.6982145052352768,0.6177400992813261,0.08047440595395072,0.9644603833046684,0.685952375067227,0.2785080082374415,0.9345904922747978,0.6350068451515549,0.2995836471232429,0.02107563888580144,0.5014732843986434,0.5064639530291094,-0.004990668630466044,0.5338099419767242,0.4553454310482381,0.07846451092848605,0.0834551795589521,0.2785080082374415,0.2995836471232429,0.02107563888580144,-0.004990668630466044,0.07846451092848605,0.0834551795589521,1,"{'level_0': 3, 'level_1': 3, 'level_2': 3, 'level_3': 1}",1,0.006379513413511062,1.0,1.0,0.0,0.4947245017584994,0.48834498834498835,0.0,-0.051207631418713206
118,0,80,4,0.5,0.525,0.025000000000000022,0.5,1.0,0.5,0.5,0.5,1.0,1.0,0.5,0.5,0.2463842922344492,0.22989273903984014,0.016491553194609043,0.24985046596416702,0.2323586723571999,0.01749179360696712,0.6515459413816389,0.6142274874717881,0.03731845390985078,0.6928480983271804,0.657821035536621,0.03502706279055945,0.9668456440932018,0.6847270929803638,0.282118551112838,0.9365504150145263,0.6587633865408551,0.2777870284736712,-0.004331522639166807,0.5005416243878829,0.5002317866941157,0.0003098376937671343,0.5070553270567499,0.47075896996518707,0.03629635709156287,0.035986519397795735,0.282118551112838,0.2777870284736712,-0.004331522639166807,0.0003098376937671343,0.03629635709156287,0.035986519397795735,1,"{'level_0': 3, 'level_1': 8, 'level_2': 6, 'level_3': 4}",1,0.08522906409447006,1.0,1.0,0.0,0.7253705318221447,0.6401414677276747,0.0,-0.021393735611292874
119,0,80,4,0.4875,0.5375,0.04999999999999999,0.75,1.0,0.25,0.5,1.0,1.0,1.0,0.5,0.0,0.24938656248605443,0.22202954341247355,0.027357019073580874,0.24681797735387068,0.2185623193237279,0.028255658030142766,0.6777583638737764,0.5899083735397097,0.08784999033406671,0.686782694847532,0.630154157586931,0.05662853726060091,0.3123184593211735,0.03433535121110295,0.2779831081100706,0.35254344613415645,0.06146602079467167,0.2910774253394848,0.013094317229414176,0.50006503174468,0.49363306579456767,0.006431965950112306,0.5216584163203187,0.4564081857456225,0.06525023057469626,0.05881826462458395,0.2779831081100706,0.2910774253394848,0.013094317229414176,0.006431965950112306,0.06525023057469626,0.05881826462458395,1,"{'level_0': 2, 'level_1': 3, 'level_2': 4, 'level_3': 2, 'level_4': 1}",1,0.011585599387207934,1.0,1.0,0.0,0.9758713136729222,0.9642857142857143,0.0,-0.0018588631965205105
120,0,80,4,0.4875,0.5125,0.024999999999999967,0.75,1.0,0.25,1.0,0.5,1.0,1.0,0.0,0.5,0.25019321393105814,0.23369797115143456,0.01649524277962358,0.24696980040335462,0.23902475386129096,0.007945046542063655,0.678548155191842,0.6235560965396367,0.054992058652205245,0.6870859690263877,0.6711916006784459,0.01589436834794189,0.31120722956371666,0.03272468054151682,0.2784825490221998,0.3350196675938667,0.06106274137088017,0.2739569262229865,-0.0045256227992133136,0.5090040163401206,0.5028427130731082,0.0061613032670123635,0.5080093140898716,0.485779730687018,0.02222958340285358,0.016068280135841218,0.2784825490221998,0.2739569262229865,-0.0045256227992133136,0.0061613032670123635,0.02222958340285358,0.016068280135841218,1,"{'level_0': 2, 'level_1': 3, 'level_2': 4, 'level_3': 2}",1,0.009971000809279706,1.0,1.0,0.0,0.9406528189910979,0.9306818181818182,0.0,0.002674339878131371
121,0,80,4,0.5,0.5625,0.0625,0.25,1.0,0.75,0.0,0.5,1.0,1.0,1.0,0.5,0.252175042848251,0.20435444268697292,0.047820600161278065,0.25316182679122723,0.22273386380340923,0.030427962987817997,0.685055182390766,0.5454701153458308,0.13958506704493523,0.6994712017810839,0.638508742999767,0.0609624587813169,0.9665063063116264,0.6918799973468773,0.27462630896474904,0.9309745437923709,0.6217191135931163,0.3092554301992546,0.03462912123450557,0.4964383370454907,0.5027193630382129,-0.006281025992722178,0.5166826869534538,0.46013382278334025,0.05654886417011351,0.06282989016283569,0.27462630896474904,0.3092554301992546,0.03462912123450557,-0.006281025992722178,0.05654886417011351,0.06282989016283569,1,"{'level_0': 3, 'level_1': 6, 'level_2': 7, 'level_3': 4}",1,0.08705630354957156,1.0,1.0,0.0,0.4883720930232558,0.40131578947368424,0.0,0.017391304347826098
122,0,80,4,0.5,0.525,0.025000000000000022,0.5,1.0,0.5,0.0,1.0,1.0,1.0,1.0,0.0,0.2496109059323576,0.22244233688686504,0.027168569045492558,0.25141004228060254,0.2293103776877984,0.02209966459280413,0.6676099804749114,0.5871021433721259,0.08050783710278553,0.6959674877658371,0.6517195779216977,0.0442479098441394,0.9677355296759949,0.6891249299353392,0.2786105997406556,0.9422356961774929,0.6492790947184502,0.2929566014590427,0.01434600171838707,0.49321716816251376,0.49596799722128315,-0.0027508290587693884,0.5101268433233221,0.46755557270591797,0.04257127061740418,0.045322099676173566,0.2786105997406556,0.2929566014590427,0.01434600171838707,-0.0027508290587693884,0.04257127061740418,0.045322099676173566,1,"{'level_0': 2, 'level_1': 4, 'level_2': 2, 'level_3': 2, 'level_4': 2}",1,0.013537611312480435,1.0,1.0,0.0,0.912041884816754,0.8985042735042735,0.0,-0.000143872714962745
123,0,80,4,0.525,0.5375,0.012499999999999956,0.5,1.0,0.5,0.5,0.5,1.0,1.0,0.5,0.5,0.2504540742086176,0.22738481657533152,0.023069257633286072,0.25002621600386177,0.2296247386129128,0.02040147739094897,0.6750083975569234,0.6075319461508145,0.06747645140610892,0.6931996153565767,0.6523656690993425,0.040833946257234244,0.9666328487637224,0.6892734347478713,0.27735941401585107,0.9349301876039423,0.6552441603599282,0.27968602724401415,0.002326613228163077,0.500160748076873,0.5002023991914593,-4.1651114586205296e-05,0.5201854787034459,0.47846996459010216,0.04171551411334373,0.04175716522792994,0.27735941401585107,0.27968602724401415,0.002326613228163077,-4.1651114586205296e-05,0.04171551411334373,0.04175716522792994,1,"{'level_0': 5, 'level_1': 8, 'level_2': 6, 'level_3': 3}",2,0.3236601307189543,1.0,1.0,0.0,0.48366013071895425,0.16,0.0,0.1705140043090182
124,0,80,4,0.4875,0.575,0.08749999999999997,0.5,1.0,0.5,0.0,1.0,1.0,1.0,1.0,0.0,0.2493231040872539,0.19648423113483277,0.05283887295242112,0.24756475782037532,0.20917199583967425,0.03839276198070107,0.6698633298676331,0.5282950512672772,0.14156827860035592,0.6882759649551062,0.6112743547582611,0.07700161019684515,0.3122305331757607,0.03566327400427445,0.2765672591714863,0.3915136253449033,0.06621733905763767,0.32529628628726565,0.048729027115779366,0.49639550220348816,0.49142352754727003,0.0049719746562181255,0.5423265857006425,0.45687759015695895,0.08544899554368357,0.08047702088746544,0.2765672591714863,0.32529628628726565,0.048729027115779366,0.0049719746562181255,0.08544899554368357,0.08047702088746544,1,"{'level_0': 2, 'level_1': 2, 'level_2': 3, 'level_3': 3, 'level_4': 2}",2,0.03757309941520459,1.0,1.0,0.0,0.7638888888888888,0.7263157894736842,0.0,0.017399267399267337
125,0,80,4,0.5,0.525,0.025000000000000022,0.75,0.75,0.0,1.0,0.5,1.0,0.5,0.0,0.0,0.25234876929823497,0.20829201429042027,0.044056755007814696,0.24854082866751806,0.22592785722406383,0.022612971443454227,0.6779436134555273,0.5558764255108206,0.12206718794470672,0.6902295345060346,0.6448766121554304,0.045352922350604286,0.9685611566589761,0.6923650495996186,0.2761961070593575,0.9293526527684731,0.6280188473727136,0.3013338053957595,0.025137698336402003,0.5070443743771473,0.5039826461922172,0.0030617281849301126,0.5464937331447983,0.49611723187578294,0.050376501269015383,0.04731477308408527,0.2761961070593575,0.3013338053957595,0.025137698336402003,0.0030617281849301126,0.050376501269015383,0.04731477308408527,1,"{'level_0': 4, 'level_1': 5, 'level_2': 6, 'level_3': 6, 'level_4': 2}",1,0.13869740290292754,1.0,1.0,0.0,0.8210645526613817,0.6823671497584541,0.0,0.0014229482115427627
126,0,80,4,0.5,0.5625,0.0625,0.5,1.0,0.5,1.0,0.0,1.0,1.0,0.0,1.0,0.24770187449361628,0.20775167122326588,0.0399502032703504,0.250324399716034,0.2120328640164313,0.0382915356996027,0.6699511450192206,0.5546905205744835,0.11526062444473706,0.6937967443714932,0.6170199826660157,0.07677676170547754,0.9660794195815597,0.6854118835913028,0.28066753599025696,0.9291660688220104,0.6266801113780373,0.3024859574439731,0.021818421453716152,0.5076548469794728,0.5081561602277584,-0.0005013132482856175,0.5504663088716155,0.4711278598471751,0.07933844902444043,0.07983976227272604,0.28066753599025696,0.3024859574439731,0.021818421453716152,-0.0005013132482856175,0.07933844902444043,0.07983976227272604,1,"{'level_0': 4, 'level_1': 8, 'level_2': 7, 'level_3': 3}",2,0.068698347107438,1.0,1.0,0.0,0.256198347107438,0.1875,0.0,-0.012087912087912073
127,0,80,4,0.5,0.525,0.025000000000000022,0.5,0.75,0.25,0.0,1.0,1.0,0.5,1.0,-0.5,0.2539228808806325,0.23309570373513191,0.02082717714550056,0.25281801071097665,0.23756565888388873,0.015252351827087923,0.7139595446140911,0.6214765813926317,0.09248296322145932,0.6987836540583348,0.6682639739815236,0.030519680076811162,0.9683680072280889,0.6939133247236707,0.2744546825044182,0.9362342161600175,0.6636838962220921,0.27255031993792533,-0.0019043625664928454,0.49323148101538006,0.49881848314933774,-0.005587002133957686,0.5182105839047741,0.4928302478457932,0.025380336058980935,0.03096733819293862,0.2744546825044182,0.27255031993792533,-0.0019043625664928454,-0.005587002133957686,0.025380336058980935,0.03096733819293862,1,"{'level_0': 3, 'level_1': 5, 'level_2': 3, 'level_3': 1}",1,0.0003619438565480859,1.0,1.0,0.0,0.9426369863013698,0.9422750424448217,0.0,-0.0026860363939016363
128,0,80,4,0.4875,0.5625,0.07500000000000001,0.25,1.0,0.75,0.5,0.0,1.0,1.0,0.5,1.0,0.25394328084437834,0.21322930896027117,0.040713971884107164,0.25089947510428345,0.1916012020037434,0.05929827310054006,0.7226243868109801,0.5683483006169083,0.15427608619407174,0.694946078773554,0.5756872673481325,0.1192588114254215,0.30629699374481456,0.03248991311362202,0.2738070806311925,0.36594403509701473,0.071417810550618,0.29452622454639676,0.02071914391520424,0.5027315674755924,0.504485378963051,-0.0017538114874585675,0.5506839147343991,0.4257634764147112,0.12492043831968797,0.12667424980714653,0.2738070806311925,0.29452622454639676,0.02071914391520424,-0.0017538114874585675,0.12492043831968797,0.12667424980714653,1,"{'level_0': 6, 'level_1': 9, 'level_2': 8, 'level_3': 2, 'level_4': 1}",2,0.18916083916083917,1.0,1.0,0.0,0.33916083916083917,0.15,0.0,0.04734448074828629
129,0,80,4,0.5,0.5,0.0,0.5,1.0,0.5,0.5,0.5,1.0,1.0,0.5,0.5,0.2522148978934361,0.22272982679998385,0.029485071093452248,0.24877435676215146,0.23945525268056744,0.009319104081584012,0.7116913680931951,0.5852143453332661,0.126477022759929,0.6906957735457837,0.6720470273653786,0.01864874618040513,0.30915849395601924,0.03381333831604107,0.2753451556399782,0.3490554014483861,0.06024078404751099,0.2888146174008751,0.013469461760896917,0.5016849065035394,0.4992094756846782,0.0024754308188611462,0.502165726028031,0.48067986875111857,0.021485857276912435,0.01901042645805129,0.2753451556399782,0.2888146174008751,0.013469461760896917,0.0024754308188611462,0.021485857276912435,0.01901042645805129,1,"{'level_0': 1, 'level_1': 2, 'level_2': 2, 'level_3': 3}",2,0.1790123456790123,1.0,1.0,0.0,0.5679012345679012,0.3888888888888889,0.0,-0.05921052631578949
130,0,80,4,0.5,0.55,0.050000000000000044,0.25,1.0,0.75,0.5,0.0,1.0,1.0,0.5,1.0,0.2547503441737835,0.22423869647875075,0.030511647695032756,0.25171307390925796,0.23782768506394733,0.013885388845310626,0.7178385209930369,0.5950805685708335,0.12275795242220344,0.696573462005422,0.6687951615321976,0.027778300473224382,0.9669779914253198,0.695048429647273,0.27192956177804684,0.9361311119253859,0.6507012329343304,0.28542987899105554,0.013500317213008706,0.4976259475066448,0.5010333974882893,-0.0034074499816445503,0.5094148812174639,0.4847188708020197,0.024696010415444225,0.028103460397088775,0.27192956177804684,0.28542987899105554,0.013500317213008706,-0.0034074499816445503,0.024696010415444225,0.028103460397088775,1,"{'level_0': 3, 'level_1': 6, 'level_2': 6, 'level_3': 3, 'level_4': 1}",1,0.011480017566974032,1.0,1.0,0.0,0.8429951690821256,0.8315151515151515,0.0,0.0006443773473746583
131,0,80,4,0.5125,0.5375,0.025000000000000022,0.75,1.0,0.25,1.0,0.5,1.0,1.0,0.0,0.5,0.24365362606811872,0.22266209269366488,0.020991533374453836,0.23959901259547176,0.22388562197413692,0.01571339062133484,0.6444626697258437,0.5887707932209235,0.055691876504920135,0.6723374798829476,0.6408321586119413,0.03150532127100625,0.9655624030669372,0.6809338813129073,0.28462852175402986,0.9361545221348682,0.6493042690084717,0.28685025312639645,0.0022217313723665866,0.5117868311037856,0.49063573154951184,0.0211510995542738,0.5403872843950587,0.48633910876652003,0.05404817562853864,0.03289707607426484,0.28462852175402986,0.28685025312639645,0.0022217313723665866,0.0211510995542738,0.05404817562853864,0.03289707607426484,2,"{'level_0': 3, 'level_1': 5, 'level_2': 4, 'level_3': 2}",0,0.0,0.975,0.975,0.0,1.0,1.0,0.0,0.0
132,0,80,4,0.5,0.5375,0.03749999999999998,0.5,0.75,0.25,0.5,0.5,1.0,0.5,0.5,0.0,0.24456475477667627,0.224289628124209,0.02027512665246728,0.24730552797445524,0.23872845895994585,0.008577069014509386,0.6651418782797871,0.5958660087085613,0.06927586957122578,0.6877576736572687,0.670590746694581,0.017166926962687734,0.31923754909082247,0.034320147167834374,0.2849174019229881,0.349413714727662,0.06598378868168339,0.2834299260459786,-0.001487475877009481,0.5046150169116523,0.49916921559042093,0.005445801321231403,0.52031166047478,0.49730993603793616,0.023001724436843785,0.017555923115612382,0.2849174019229881,0.2834299260459786,-0.001487475877009481,0.005445801321231403,0.023001724436843785,0.017555923115612382,1,"{'level_0': 2, 'level_1': 4, 'level_2': 6, 'level_3': 3}",0,0.0,1.0,1.0,0.0,1.0,1.0,0.0,0.0
133,0,80,4,0.4875,0.5125,0.024999999999999967,0.75,1.0,0.25,1.0,0.5,1.0,1.0,0.0,0.5,0.25119348331788344,0.22780508818782796,0.023388395130055473,0.2503044977406281,0.23290104362668204,0.017403454113946032,0.7070011343077366,0.6048630837876613,0.1021380505200753,0.6937563562721316,0.6589322151188985,0.03482414115323307,0.31041560178915106,0.03416433784459787,0.2762512639445532,0.3441686117451509,0.05729365309789871,0.2868749586472522,0.010623694702699027,0.5023635991161011,0.5029395067213805,-0.0005759076052794798,0.5124697928768297,0.47761470621887464,0.03485508665795506,0.03543099426323454,0.2762512639445532,0.2868749586472522,0.010623694702699027,-0.0005759076052794798,0.03485508665795506,0.03543099426323454,1,"{'level_0': 2, 'level_1': 3, 'level_2': 4, 'level_3': 3, 'level_4': 1}",2,0.015233581584292555,1.0,1.0,0.0,0.8009478672985783,0.7857142857142857,0.0,-0.03340137316756364
134,0,80,4,0.4875,0.5375,0.04999999999999999,0.25,1.0,0.75,0.0,0.5,1.0,1.0,1.0,0.5,0.25178197456456114,0.22005515123757183,0.03172682332698931,0.2541483543270564,0.23145896763003476,0.02268938669702164,0.6855561351701259,0.5896360238168217,0.09592011135330425,0.7014463888070592,0.656038566184975,0.045407822622084204,0.30895999351459347,0.034088485477200794,0.2748715080373927,0.35730616202741483,0.06569352337475733,0.2916126386526575,0.016741130615264832,0.4887136142418975,0.49684748616487745,-0.00813387192297993,0.5264037418237569,0.48847438801921106,0.03792935380454587,0.0460632257275258,0.2748715080373927,0.2916126386526575,0.016741130615264832,-0.00813387192297993,0.03792935380454587,0.0460632257275258,1,"{'level_0': 3, 'level_1': 6, 'level_2': 5, 'level_3': 2, 'level_4': 1}",1,0.0017308975642309488,1.0,1.0,0.0,0.5640432098765432,0.5623123123123123,0.0,0.017410259760960667
135,0,80,4,0.4875,0.525,0.03750000000000003,0.5,1.0,0.5,1.0,0.0,1.0,1.0,0.0,1.0,0.2503224792346061,0.2292536829081074,0.02106879632649869,0.2516636441624751,0.24062349790542362,0.011040146257051492,0.676547962422742,0.6097412686573305,0.06680669376541148,0.6964749219934426,0.6743879316310243,0.022086990362418346,0.31073610287069947,0.03220153566480634,0.27853456720589315,0.34173807686451624,0.06332367145212911,0.27841440541238716,-0.00012016179350599066,0.5041798319843811,0.5074223366972114,-0.003242504712830274,0.5168416809650489,0.49779966100990913,0.019042019955139766,0.02228452466797004,0.27853456720589315,0.27841440541238716,-0.00012016179350599066,-0.003242504712830274,0.019042019955139766,0.02228452466797004,1,"{'level_0': 2, 'level_1': 3, 'level_2': 3, 'level_3': 3}",2,0.04158338885187651,1.0,1.0,0.0,0.8354430379746836,0.793859649122807,0.0,-0.0017116139266927233
136,0,80,4,0.5125,0.5125,0.0,0.75,0.75,0.0,0.5,1.0,1.0,0.5,0.5,-0.5,0.248160348310949,0.23769408685095755,0.010466261459991438,0.2414172874144736,0.24100028139348773,0.00041700602098587725,0.6877916990408921,0.6320916515364983,0.055700047504393835,0.6759722989888503,0.6751426356781932,0.0008296633106570361,0.9650116439996779,0.6855970616827994,0.27941458231687843,0.9404483881227513,0.6714201620978102,0.26902822602494114,-0.010386356291937293,0.49913279241139685,0.48158808556957655,0.0175447068418203,0.5147184348945889,0.49646428232478435,0.01825415256980456,0.0007094457279842592,0.27941458231687843,0.26902822602494114,-0.010386356291937293,0.0175447068418203,0.01825415256980456,0.0007094457279842592,3,"{'level_0': 4, 'level_1': 7, 'level_2': 5, 'level_3': 4, 'level_4': 1}",0,0.0,0.9057692307692308,0.9,0.005769230769230749,1.0,1.0,-7.936507936501247e-05,0.0
137,0,80,4,0.4875,0.5375,0.04999999999999999,0.75,1.0,0.25,1.0,0.5,1.0,1.0,0.0,0.5,0.25029798625353605,0.2228610006059708,0.02743698564756525,0.2489637655684323,0.23474686455045968,0.014216901017972627,0.6709240904722098,0.5949538886650607,0.07597020180714908,0.6910746374793102,0.6626280388948556,0.02844659858445464,0.31019833298828625,0.03419897271850014,0.2759993602697861,0.35194505739157445,0.06553720397266902,0.2864078534189054,0.010408493149119291,0.5034130900504947,0.5013162866680507,0.0020968033824440013,0.515295708185468,0.484254452080465,0.031041256105002968,0.028944452722558967,0.2759993602697861,0.2864078534189054,0.010408493149119291,0.0020968033824440013,0.031041256105002968,0.028944452722558967,1,"{'level_0': 2, 'level_1': 5, 'level_2': 4, 'level_3': 1, 'level_4': 1}",0,0.007692307692307665,1.0,1.0,0.0,0.9076923076923077,0.9,0.0,0.001984126984126977
138,0,80,4,0.5125,0.5375,0.025000000000000022,1.0,0.75,-0.25,1.0,1.0,0.5,1.0,-0.5,0.0,0.24518116477513083,0.21879265748262303,0.0263885072925078,0.24194847368528377,0.23416614992182155,0.007782323763462218,0.6587688541439529,0.5851071592568415,0.07366169488711138,0.6770400189638437,0.661445508506873,0.01559451045697069,0.3186048568017196,0.034766248940855664,0.28383860786086396,0.35793260560971957,0.06819301987008278,0.28973958573963676,0.005900977878772806,0.5054530956918543,0.4891357794841742,0.016317316207680066,0.503756617745623,0.4711995764281568,0.03255704131746617,0.016239725109786107,0.28383860786086396,0.28973958573963676,0.005900977878772806,0.016317316207680066,0.03255704131746617,0.016239725109786107,2,"{'level_0': 2, 'level_1': 3, 'level_2': 5, 'level_3': 3, 'level_4': 1}",3,0.5333333333333333,0.8878205128205128,0.875,0.012820512820512775,0.5333333333333333,0.0,-0.0008730158730159143,0.07446808510638298
139,0,80,4,0.5,0.5125,0.012499999999999956,0.75,0.5,-0.25,1.0,0.5,1.0,0.0,0.0,-0.5,0.24923476845189452,0.23404811062276862,0.015186657829125899,0.2487138968516674,0.24234273980380466,0.00637115704786273,0.676204125821725,0.6232808593294126,0.05292326649231238,0.6905748028812483,0.6778077848831122,0.012767017998136065,0.966769990887998,0.6873117458574867,0.2794582450305113,0.9379489366075482,0.6650681931703264,0.2728807434372218,-0.006577501593289514,0.5046687588891574,0.5020520041759051,0.0026167547132522895,0.5230406703945166,0.5070339471581433,0.01600672323637331,0.01338996852312102,0.2794582450305113,0.2728807434372218,-0.006577501593289514,0.0026167547132522895,0.01600672323637331,0.01338996852312102,1,"{'level_0': 2, 'level_1': 3, 'level_2': 3, 'level_3': 3, 'level_4': 3}",2,0.32144878324844367,1.0,1.0,0.0,0.7688172043010753,0.4473684210526316,0.0,0.009415956228527755
140,0,80,4,0.5,0.5125,0.012499999999999956,1.0,1.0,0.0,1.0,1.0,1.0,1.0,0.0,0.0,0.24832127538851873,0.22322895878812488,0.02509231660039385,0.24566560619168498,0.23853363479117856,0.0071319714005064205,0.6636026210725914,0.5901166103831188,0.07348601068947258,0.6844780374697241,0.6702052380355822,0.014272799434141947,0.31294327131338184,0.03502729819428742,0.27791597311909444,0.348782829401998,0.061875558759350247,0.28690727064264776,0.008991297523553321,0.506094642160547,0.4973789525317041,0.008715689628842893,0.5066514802616178,0.48335213288083323,0.02329934738078454,0.014583657751941648,0.27791597311909444,0.28690727064264776,0.008991297523553321,0.008715689628842893,0.02329934738078454,0.014583657751941648,1,"{'level_0': 2, 'level_1': 3, 'level_2': 6, 'level_3': 5}",0,0.0,1.0,1.0,0.0,1.0,1.0,0.0,0.0
141,0,80,4,0.5,0.525,0.025000000000000022,0.5,1.0,0.5,1.0,0.0,1.0,1.0,0.0,1.0,0.25331621943752824,0.22846501083311077,0.024851208604417474,0.2508744237517893,0.2264270114169615,0.024447412334827806,0.7068741596449886,0.6068647563035464,0.10000940334144215,0.6948961104050344,0.6459499798569356,0.04894613054809882,0.9666903766105743,0.6929773622076512,0.27371301440292317,0.9386064345793022,0.6568874621789991,0.2817189724003031,0.008005957997379909,0.5041870221116174,0.5058708944454833,-0.00168387233386591,0.5320133025667806,0.48353583639297004,0.048477466173810546,0.050161338507676456,0.27371301440292317,0.2817189724003031,0.008005957997379909,-0.00168387233386591,0.048477466173810546,0.050161338507676456,1,"{'level_0': 1, 'level_1': 2, 'level_2': 3, 'level_3': 1, 'level_4': 1}",1,0.005001567582396005,1.0,1.0,0.0,0.8022151898734177,0.7972136222910217,0.0,0.0003530450132391838
142,0,80,4,0.5125,0.5375,0.025000000000000022,0.5,1.0,0.5,0.0,1.0,1.0,1.0,1.0,0.0,0.2513113768547899,0.22626450510377455,0.02504687175101533,0.25157933825806644,0.23884815654941793,0.012731181708648509,0.7110318718906651,0.5997275030149638,0.11130436887570128,0.6963065435218643,0.6708294594520727,0.025477084069791545,0.9656182370077913,0.689954492936857,0.2756637440709343,0.937147669591463,0.6543472655361222,0.2828004040553408,0.00713665998440649,0.49297551496777436,0.4960569002790604,-0.0030813853112860445,0.517948037181297,0.4952049445679614,0.022743092613335625,0.02582447792462167,0.2756637440709343,0.2828004040553408,0.00713665998440649,-0.0030813853112860445,0.022743092613335625,0.02582447792462167,1,"{'level_0': 4, 'level_1': 6, 'level_2': 8, 'level_3': 5, 'level_4': 1}",0,0.0,1.0,1.0,0.0,1.0,1.0,0.0,0.0
143,0,80,4,0.525,0.55,0.025000000000000022,1.0,1.0,0.0,1.0,1.0,1.0,1.0,0.0,0.0,0.23911668851131643,0.21386868898455344,0.025247999526762988,0.2281976901083671,0.23090799289236888,-0.002710302784001778,0.6386929729064063,0.56901045674289,0.06968251616351628,0.6494997064023801,0.6549301589798494,-0.005430452577469325,0.3276571952596637,0.034388443154904955,0.2932687521047587,0.3643350172780697,0.06511835464729646,0.2992166626307733,0.005947910526014566,0.5218640446314327,0.4770877512973194,0.04477629333411326,0.5262495330351546,0.48709302661909337,0.039156506416061276,-0.005619786918051983,0.2932687521047587,0.2992166626307733,0.005947910526014566,0.04477629333411326,0.039156506416061276,-0.005619786918051983,1,"{'level_0': 4, 'level_1': 6, 'level_2': 5, 'level_3': 2, 'level_4': 1}",0,0.0,1.0,1.0,0.0,0.975,0.975,0.0,0.0
144,0,80,4,0.4875,0.5,0.012500000000000011,0.5,1.0,0.5,0.5,0.5,1.0,1.0,0.5,0.5,0.2484917821629702,0.22674537734425004,0.021746404818720144,0.2506731110802135,0.22206441167788493,0.028608699402328575,0.6728885439591267,0.5997426008362838,0.07314594312284284,0.6944938412928884,0.6371695138374387,0.057324327455449686,0.3133955080436311,0.03524973267446986,0.27814577536916124,0.34424995214989745,0.06396179022973378,0.2802881619201637,0.002142386551002462,0.4976380039388167,0.49892133288034274,-0.0012833289415260518,0.5155055055962394,0.4575482663324766,0.05795723926376284,0.05924056820528889,0.27814577536916124,0.2802881619201637,0.002142386551002462,-0.0012833289415260518,0.05795723926376284,0.05924056820528889,1,"{'level_0': 6, 'level_1': 8, 'level_2': 4, 'level_3': 1}",0,0.0,1.0,1.0,0.0,1.0,1.0,0.0,0.0
145,0,80,4,0.5,0.55,0.050000000000000044,0.75,1.0,0.25,1.0,0.5,1.0,1.0,0.0,0.5,0.25056865869459105,0.21543360804682465,0.0351350506477664,0.25057868265559036,0.22476545903048015,0.02581322362511021,0.6772978123559914,0.5688225823279555,0.10847523002803594,0.6943053685124095,0.6425929225407693,0.051712445971640264,0.9665539955490413,0.6895670582588853,0.276986937290156,0.9359646813419491,0.6395866177745125,0.29637806356743657,0.019391126277280568,0.5037829541928935,0.5048557065371576,-0.0010727523442640718,0.5351286504477698,0.4829016393185013,0.05222701112926853,0.0532997634735326,0.276986937290156,0.29637806356743657,0.019391126277280568,-0.0010727523442640718,0.05222701112926853,0.0532997634735326,1,"{'level_0': 4, 'level_1': 6, 'level_2': 9, 'level_3': 3, 'level_4': 1}",3,0.5,1.0,1.0,0.0,0.5,0.0,0.0,
146,0,80,4,0.5125,0.5375,0.025000000000000022,0.75,1.0,0.25,0.5,1.0,1.0,1.0,0.5,0.0,0.24687332469830273,0.2261088005651545,0.02076452413314822,0.24712517105601417,0.23044289974995133,0.01668227130606284,0.670516081042727,0.5960717761423548,0.07444430490037213,0.6873973942917824,0.6539994422281743,0.03339795206360807,0.9659715872316822,0.6841921663261082,0.28177942090557395,0.9386235773518529,0.6554434523996783,0.2831801249521746,0.0014007040466006426,0.5019647275892557,0.49619102304058776,0.005773704548667935,0.524267145083723,0.48419970113276206,0.0400674439509609,0.034293739402292966,0.28177942090557395,0.2831801249521746,0.0014007040466006426,0.005773704548667935,0.0400674439509609,0.034293739402292966,2,"{'level_0': 5, 'level_1': 5, 'level_2': 7, 'level_3': 3, 'level_4': 1, 'level_5': 1}",3,0.6,0.975,0.975,0.0,0.6,0.0,0.0,-0.42857142857142855
147,0,80,4,0.4875,0.525,0.03750000000000003,0.5,1.0,0.5,0.5,0.5,1.0,1.0,0.5,0.5,0.253911368429797,0.22035121544468,0.033560152985117,0.24925023228659482,0.23368590904960446,0.015564323236990363,0.7240613994162178,0.582233139913913,0.14182825950230482,0.6916472180537581,0.6604962886658882,0.031150929387869897,0.3065451108415014,0.03238847045942817,0.2741566403820732,0.35300098445007244,0.0634887699224688,0.2895122145276037,0.01535557414553046,0.49989221949487783,0.4983216112413502,0.0015706082535276167,0.5176526179892629,0.48430754636272255,0.033345071626540324,0.03177446337301271,0.2741566403820732,0.2895122145276037,0.01535557414553046,0.0015706082535276167,0.033345071626540324,0.03177446337301271,1,"{'level_0': 4, 'level_1': 9, 'level_2': 9, 'level_3': 4, 'level_4': 4}",1,0.02566991660534712,1.0,1.0,0.0,0.6147902869757175,0.5891203703703703,0.0,0.037510098993715824
148,0,80,4,0.5,0.5375,0.03749999999999998,0.75,1.0,0.25,1.0,0.5,1.0,1.0,0.0,0.5,0.2505890589192498,0.2164420242335659,0.03414703468568392,0.2407507569298831,0.21047505449426632,0.03027570243561678,0.7076837532721053,0.5736381204976368,0.13404563277446846,0.6746402342378341,0.6137531238100157,0.06088711042781847,0.9659589278000311,0.6886920426301115,0.2772668851699196,0.9342719038871131,0.640281940623453,0.2939899632636601,0.016723078093740518,0.5184969799580047,0.499644947155189,0.01885203280281572,0.5647244606060666,0.4810941115885156,0.08363034901755101,0.06477831621473529,0.2772668851699196,0.2939899632636601,0.016723078093740518,0.01885203280281572,0.08363034901755101,0.06477831621473529,1,"{'level_0': 3, 'level_1': 7, 'level_2': 11, 'level_3': 2}",1,0.023536079803083254,1.0,1.0,0.0,0.5630522088353414,0.5395161290322581,0.0,-0.016031041488142717
149,0,80,4,0.4875,0.5125,0.024999999999999967,0.75,1.0,0.25,0.5,1.0,1.0,1.0,0.5,0.0,0.25163817770430946,0.22916533194076288,0.02247284576354658,0.24909731189673925,0.2290837488421345,0.02001356305460475,0.7050488939501592,0.6123822883473402,0.09266660560281903,0.6913417797567195,0.6512879998055432,0.040053779951176316,0.30987791895421274,0.03291817389425506,0.2769597450599577,0.34259338626545877,0.06169988361388873,0.28089350265157004,0.003933757591612352,0.49934621523883654,0.49753226518529925,0.0018139500535372943,0.5237139701211249,0.48094875513187113,0.04276521498925373,0.040951264935716436,0.2769597450599577,0.28089350265157004,0.003933757591612352,0.0018139500535372943,0.04276521498925373,0.040951264935716436,1,"{'level_0': 2, 'level_1': 5, 'level_2': 7, 'level_3': 2}",1,0.01945987394565074,1.0,1.0,0.0,0.7673231218088986,0.7478632478632479,0.0,-0.012911343399148234
150,0,80,4,0.5,0.5375,0.03749999999999998,0.5,1.0,0.5,0.0,1.0,1.0,1.0,1.0,0.0,0.2544723627940594,0.2271460656446158,0.027326297149443568,0.2515125537692129,0.23535659125155706,0.01615596251765583,0.6996960501469232,0.6023457990272325,0.09735025111969065,0.6961732187308509,0.6638423858178237,0.032330832913027185,0.9682063606492706,0.6947713287185224,0.27343503193074814,0.9352950701126748,0.6557395539400256,0.2795555161726492,0.006120484241901036,0.4909453235119603,0.4938327149148245,-0.0028873914028642034,0.5063012610645138,0.4763960624075119,0.029905198657001864,0.03279259005986607,0.27343503193074814,0.2795555161726492,0.006120484241901036,-0.0028873914028642034,0.029905198657001864,0.03279259005986607,2,"{'level_0': 3, 'level_1': 6, 'level_2': 4, 'level_3': 3}",2,0.05035577449370554,0.975,0.975,0.0,0.867816091954023,0.8174603174603174,0.0,-0.03200544773578473
151,0,80,4,0.5,0.5,0.0,0.5,1.0,0.5,0.5,0.5,1.0,1.0,0.5,0.5,0.24391889601472613,0.22528806290525744,0.018630833109468697,0.2503319646157772,0.23564603958983227,0.014685925025944957,0.6551092991819594,0.5944036506576807,0.06070564852427862,0.6938111203446519,0.6644214769143905,0.029389643430261403,0.9649547238049809,0.6799789200900939,0.28497580371488707,0.9400044131275707,0.6540900720143625,0.2859143411132081,0.0009385373983210599,0.4995038583599926,0.5001539713950465,-0.0006501130350538564,0.5222305151712223,0.49293156845830755,0.029298946712914775,0.02994905974796863,0.28497580371488707,0.2859143411132081,0.0009385373983210599,-0.0006501130350538564,0.029298946712914775,0.02994905974796863,2,"{'level_0': 2, 'level_1': 2, 'level_2': 4, 'level_3': 2}",2,0.1805726600985222,0.9512820512820512,0.95,0.0012820512820512775,0.4975369458128079,0.3169642857142857,-0.0007142857142857784,0.0067698259187620735
152,0,80,4,0.5,0.5125,0.012499999999999956,0.5,0.5,0.0,0.0,1.0,0.0,1.0,0.0,0.0,0.25521364971138266,0.22285526434416333,0.03235838536721933,0.2525804622610022,0.2412743630668622,0.011306099194140024,0.7243648356173249,0.5886344684151941,0.13573036720213083,0.6983102747337468,0.6756682899715523,0.02264198476219459,0.30479661751919845,0.032766146420215636,0.2720304710989828,0.34936640167158,0.06661355966503493,0.28275284200654505,0.010722370907562229,0.4896868516050688,0.4946819879247071,-0.004995136319638271,0.4894596389285073,0.4709995902132552,0.018460048715252086,0.023455185034890358,0.2720304710989828,0.28275284200654505,0.010722370907562229,-0.004995136319638271,0.018460048715252086,0.023455185034890358,1,"{'level_0': 4, 'level_1': 7, 'level_2': 4, 'level_3': 2}",2,0.02779720279720277,1.0,1.0,0.0,0.4431818181818182,0.4153846153846154,0.0,0.14644160583941607
153,0,80,4,0.4875,0.5125,0.024999999999999967,0.5,1.0,0.5,1.0,0.0,1.0,1.0,0.0,1.0,0.2524647634025953,0.22908974256642683,0.023375020836168492,0.24853279396186692,0.2328628320483054,0.015669961913561514,0.6873487546385643,0.6104326001012692,0.07691615453729506,0.6902122296473581,0.658852079395937,0.031360150251421026,0.30791179405063207,0.03346186614214473,0.2744499279084873,0.3420724632126867,0.06646334014781326,0.27560912306487345,0.001159195156386128,0.5075645901721662,0.5045458867969458,0.0030187033752203662,0.5223691973596662,0.4873593919549319,0.03500980540473436,0.031991102029513996,0.2744499279084873,0.27560912306487345,0.001159195156386128,0.0030187033752203662,0.03500980540473436,0.031991102029513996,1,"{'level_0': 5, 'level_1': 9, 'level_2': 8, 'level_3': 2, 'level_4': 1}",1,0.005734249033218064,1.0,1.0,0.0,0.7478191911181602,0.7420849420849421,0.0,-0.01461960355931824
154,0,80,4,0.525,0.5375,0.012499999999999956,1.0,0.75,-0.25,1.0,1.0,0.5,1.0,-0.5,0.0,0.24609807098825645,0.2210545196854361,0.02504355130282035,0.24344907331444748,0.23854435878570965,0.004904714528737836,0.6812854893062468,0.5826527467502788,0.09863274255596799,0.6800424933450832,0.6702181518273373,0.009824341517745805,0.9664494443294188,0.6834739168413058,0.28297552748811305,0.9411744295460845,0.6479225399678088,0.29325188957827575,0.010276362090162694,0.5033776920746867,0.49012278810441884,0.013254903970267906,0.5010439220981807,0.4775202875258861,0.023523634572294616,0.01026873060202671,0.28297552748811305,0.29325188957827575,0.010276362090162694,0.013254903970267906,0.023523634572294616,0.01026873060202671,1,"{'level_0': 2, 'level_1': 5, 'level_2': 5, 'level_3': 2}",1,0.036980544866980214,1.0,1.0,0.0,0.7781282860147214,0.7411477411477412,0.0,0.018299151343705855
155,0,80,4,0.4875,0.5625,0.07500000000000001,0.25,1.0,0.75,0.0,0.5,1.0,1.0,1.0,0.5,0.2502656311583227,0.21473958608448598,0.03552604507383669,0.25219386284232653,0.22408278420486993,0.0281110786374566,0.66390984201819,0.5700129527395602,0.09389688927862982,0.697535033200148,0.6412566566409577,0.056278376559190324,0.309872937626526,0.033225304023158236,0.27664763360336775,0.36282404491398706,0.06343489723822895,0.2993891476757581,0.022741514072390334,0.4980522586409382,0.50241971645141,-0.00436745781047182,0.5221147899024671,0.46878723789627896,0.053327552006188106,0.057695009816659926,0.27664763360336775,0.2993891476757581,0.022741514072390334,-0.00436745781047182,0.053327552006188106,0.057695009816659926,1,"{'level_0': 4, 'level_1': 6, 'level_2': 4, 'level_3': 2, 'level_4': 1}",1,0.037123330226778495,1.0,1.0,0.0,0.8445945945945946,0.8074712643678161,0.0,-0.013989484907533267
156,0,80,4,0.5,0.55,0.050000000000000044,0.5,1.0,0.5,0.0,1.0,1.0,1.0,1.0,0.0,0.25261921322713554,0.2305451308525707,0.022074082374564846,0.2535963122177009,0.23345056255218774,0.020145749665513163,0.6918641960847838,0.6205240859282932,0.07134011015649055,0.7003414933563235,0.6600278073274433,0.04031368602888019,0.9666651797161997,0.6924209759337152,0.2742442037824845,0.9411116180149239,0.6587706026033826,0.28234101541154133,0.008096811629056844,0.48935566835818933,0.49640410187115097,-0.007048433512961638,0.5110312538523302,0.4772147669910175,0.03381648686131267,0.040864920374274305,0.2742442037824845,0.28234101541154133,0.008096811629056844,-0.007048433512961638,0.03381648686131267,0.040864920374274305,1,"{'level_0': 4, 'level_1': 5, 'level_2': 6, 'level_3': 2, 'level_4': 1, 'level_5': 1}",1,0.07514154085257552,1.0,1.0,0.0,0.5985790408525755,0.5234375,0.0,-0.015864609716785716
157,0,80,4,0.4875,0.525,0.03750000000000003,1.0,1.0,0.0,1.0,1.0,1.0,1.0,0.0,0.0,0.24503292209684185,0.22624827742700146,0.018784644669840395,0.24228942500662914,0.23153646588824145,0.010752959118387695,0.6468120996702089,0.5943986728599425,0.052413426810266395,0.6777246855054144,0.6561991393601598,0.021525546145254593,0.31678117919561927,0.034115098765393224,0.28266608043022606,0.34454000283892716,0.058716629749836866,0.2858233730890903,0.003157292658864219,0.5079672601717719,0.49242171780452826,0.015545542367243592,0.5176245817167953,0.4799344563628247,0.03769012535397054,0.022144582986726946,0.28266608043022606,0.2858233730890903,0.003157292658864219,0.015545542367243592,0.03769012535397054,0.022144582986726946,1,"{'level_0': 3, 'level_1': 4, 'level_2': 3, 'level_3': 3, 'level_4': 1}",1,0.009597344494155058,1.0,1.0,0.0,0.8320825515947468,0.8224852071005917,0.0,-0.012997756813083683
158,0,80,4,0.4875,0.5,0.012500000000000011,0.25,1.0,0.75,0.0,0.5,1.0,1.0,1.0,0.5,0.2507281561691,0.23207098822184324,0.018657167947256748,0.2518645994301281,0.2349244159673681,0.016940183462760022,0.6742114784755209,0.6193945288202309,0.05481694965528994,0.6968765135524579,0.6629836896774849,0.033892823874973055,0.30964708691754544,0.03182449339071012,0.2778225935268353,0.338294013102166,0.06369205325080343,0.2746019598513626,-0.003220633675472706,0.4952199111242327,0.49891641987014435,-0.003696508745911653,0.5128912967982158,0.48221484673044956,0.030676450067766203,0.034372958813677856,0.2778225935268353,0.2746019598513626,-0.003220633675472706,-0.003696508745911653,0.030676450067766203,0.034372958813677856,1,"{'level_0': 3, 'level_1': 4, 'level_2': 4, 'level_3': 3, 'level_4': 2}",2,0.28510638297872337,1.0,1.0,0.0,0.8851063829787233,0.6,0.0,-0.0384415584415585
159,0,80,4,0.4875,0.525,0.03750000000000003,0.5,0.75,0.25,0.0,1.0,0.5,1.0,0.5,0.0,0.24967387365605473,0.21756999293009738,0.03210388072595735,0.2504239222677027,0.23252136838709167,0.017902553880611044,0.6802627442894769,0.5736846789725132,0.10657806531696368,0.6939952762787216,0.6581481101215618,0.03584716615715977,0.31229558550006925,0.0332254950416772,0.27907009045839204,0.35732806831794434,0.06435179884326657,0.29297626947467775,0.013906179016285714,0.49528674063832356,0.4960871268877687,-0.0008003862494451175,0.506995376439108,0.4708446976474277,0.03615067879168027,0.036951065041125386,0.27907009045839204,0.29297626947467775,0.013906179016285714,-0.0008003862494451175,0.03615067879168027,0.036951065041125386,1,"{'level_0': 3, 'level_1': 2, 'level_2': 4, 'level_3': 4, 'level_4': 3, 'level_5': 1}",1,0.007119077894234382,1.0,1.0,0.0,0.8689883913764511,0.8618693134822167,0.0,-0.005207211089564012
160,0,80,4,0.4875,0.5,0.012500000000000011,0.5,1.0,0.5,1.0,0.0,1.0,1.0,0.0,1.0,0.2489614551945259,0.2369299727488098,0.012031482445716085,0.2528382838539294,0.23541012425157942,0.017428159602350002,0.6726466843845706,0.6322932491893376,0.040353435195233045,0.6988247661689648,0.6639580703648638,0.03486669580410107,0.3125961305385211,0.033528949786707424,0.2790671807518137,0.3309149338573286,0.05973232882592598,0.2711826050314026,-0.007884575720411069,0.5035208442426434,0.5090879489981859,-0.005567104755542451,0.5132449402903763,0.4836106045749715,0.029634335715404747,0.0352014404709472,0.2790671807518137,0.2711826050314026,-0.007884575720411069,-0.005567104755542451,0.029634335715404747,0.0352014404709472,1,"{'level_0': 3, 'level_1': 5, 'level_2': 5, 'level_3': 2, 'level_4': 1}",3,0.3571428571428571,1.0,1.0,0.0,0.8571428571428571,0.5,0.0,0.3571428571428571
161,0,80,4,0.4875,0.55,0.06250000000000006,0.75,1.0,0.25,0.5,1.0,1.0,1.0,0.5,0.0,0.250837256050069,0.2263917056753288,0.02444555037474022,0.25031768884447325,0.2196879227509518,0.030629766093521443,0.698174178050072,0.6043414121247248,0.09383276592534717,0.6937826574309469,0.6324254006506862,0.061357256780260716,0.31037222673165143,0.034985047492561996,0.27538717923908945,0.3480313269182057,0.05990856874695387,0.2881227581712518,0.012735578932162372,0.49892882944586436,0.49954032326857645,-0.0006114938227120836,0.5316813597438206,0.46892386267233155,0.06275749707148903,0.06336899089420112,0.27538717923908945,0.2881227581712518,0.012735578932162372,-0.0006114938227120836,0.06275749707148903,0.06336899089420112,1,"{'level_0': 3, 'level_1': 4, 'level_2': 4, 'level_3': 2, 'level_4': 2, 'level_5': 1}",1,0.007658865969845552,1.0,1.0,0.0,0.8655536028119508,0.8578947368421053,0.0,-0.007043613996043474
162,0,80,4,0.5,0.525,0.025000000000000022,0.25,0.75,0.5,0.5,0.0,1.0,0.5,0.5,0.5,0.24834275146790014,0.22383549095066266,0.024507260517237478,0.25323755794255687,0.23862346941826418,0.01461408852429269,0.6584110132526504,0.5907520941127085,0.06765891913994193,0.6996226293273682,0.6703824342557971,0.02924019507157105,0.9666116672341201,0.6877062155015808,0.2789054517325392,0.9303120261184544,0.6515053323026607,0.2788066938157937,-9.87579167455177e-05,0.49803835878612585,0.5044728137285583,-0.006434454942432499,0.5193143412129311,0.4960391193863263,0.023275221826604797,0.029709676769037296,0.2789054517325392,0.2788066938157937,-9.87579167455177e-05,-0.006434454942432499,0.023275221826604797,0.029709676769037296,1,"{'level_0': 5, 'level_1': 5, 'level_2': 4, 'level_3': 3, 'level_4': 1}",3,0.3571428571428571,1.0,1.0,0.0,0.8571428571428571,0.5,0.0,-0.7142857142857143
163,0,80,4,0.5,0.5125,0.012499999999999956,1.0,1.0,0.0,1.0,1.0,1.0,1.0,0.0,0.0,0.23992817039760667,0.22851399646109014,0.01141417393651653,0.23098841358976652,0.2283326060061451,0.0026558075836214112,0.6434866756335097,0.6043579150579927,0.03912876057551695,0.6550932055250877,0.649782565238271,0.005310640286816604,0.3250727534759067,0.03277825560024128,0.2922944978756654,0.34163115500981484,0.06382989176949168,0.27780126324032317,-0.014493234635342245,0.5257049855163292,0.48677992922295027,0.03892505629337889,0.5251239457038817,0.4807858534118837,0.04433809229199798,0.005413035998619087,0.2922944978756654,0.27780126324032317,-0.014493234635342245,0.03892505629337889,0.04433809229199798,0.005413035998619087,2,"{'level_0': 2, 'level_1': 4, 'level_2': 5, 'level_3': 1, 'level_4': 1}",0,0.0,0.975,0.975,0.0,1.0,1.0,0.0,0.0
164,0,80,4,0.4875,0.5375,0.04999999999999999,0.75,1.0,0.25,0.5,1.0,1.0,1.0,0.5,0.0,0.2492660626104259,0.21775196606796507,0.03151409654246082,0.24857213517356727,0.2244943680835096,0.024077767090057683,0.6720022546986699,0.5756517858254665,0.09635046887320342,0.6902916479085628,0.6420561027327185,0.048235545175844274,0.31248704653226494,0.033630950677075826,0.2788560958551891,0.3572850745279619,0.06267697234111162,0.29460810218685024,0.015752006331661128,0.49519576984954833,0.49220314093341494,0.0029926289161333886,0.5164143284304485,0.4637056131643868,0.052708715266061745,0.04971608634992836,0.2788560958551891,0.29460810218685024,0.015752006331661128,0.0029926289161333886,0.052708715266061745,0.04971608634992836,1,"{'level_0': 3, 'level_1': 6, 'level_2': 10, 'level_3': 4}",3,0.25,1.0,1.0,0.0,0.25,0.0,0.0,-0.1111111111111111
165,0,80,4,0.5,0.5375,0.03749999999999998,0.75,0.75,0.0,1.0,0.5,1.0,0.5,0.0,0.0,0.2479877992592215,0.21767817398180855,0.030309625277412933,0.24908110730583108,0.23637834133002023,0.012702765975810854,0.665646858019398,0.5761052878099506,0.08954157020944742,0.6913094907181561,0.6658866821403462,0.025422808577809874,0.3139962188904085,0.033242824514650576,0.28075339437575797,0.3577556416719263,0.061640027258729045,0.2961156144131973,0.015362220037439311,0.5049285950789394,0.5030387097756912,0.0018898853032481844,0.5210258295043607,0.4932011879583516,0.02782464154600911,0.025934756242760926,0.28075339437575797,0.2961156144131973,0.015362220037439311,0.0018898853032481844,0.02782464154600911,0.025934756242760926,1,"{'level_0': 3, 'level_1': 4, 'level_2': 4, 'level_3': 1, 'level_4': 1}",2,0.42789968652037613,1.0,1.0,0.0,0.9051724137931034,0.4772727272727273,0.0,-0.04900181488203259
166,0,80,4,0.5,0.5125,0.012499999999999956,0.75,0.75,0.0,0.5,1.0,1.0,0.5,0.5,-0.5,0.2489264854253857,0.22878727196185142,0.020139213463534283,0.2453239931582493,0.23909676086213288,0.006227232296116408,0.6638848460375156,0.602680026417562,0.06120481961995361,0.6837942792731155,0.6713318261420957,0.01246245313101979,0.31208658505696746,0.032294229624221446,0.279792355432746,0.3409928166446097,0.06309640590019315,0.2778964107444165,-0.0018959446883294873,0.5022139602103668,0.4927636014520863,0.009450358758280486,0.5179914690505174,0.4957720364763302,0.02221943257418718,0.012769073815906695,0.279792355432746,0.2778964107444165,-0.0018959446883294873,0.009450358758280486,0.02221943257418718,0.012769073815906695,1,"{'level_0': 2, 'level_1': 2, 'level_2': 2, 'level_3': 1}",0,0.0,1.0,1.0,0.0,1.0,1.0,0.0,0.0
167,0,80,4,0.5,0.55,0.050000000000000044,0.5,1.0,0.5,0.0,1.0,1.0,1.0,1.0,0.0,0.24628392141833472,0.20822767612738632,0.03805624529094839,0.2485879417553646,0.2306768801143848,0.017911061640979803,0.6539271849042747,0.5533304365684766,0.10059674833579813,0.6903227668143309,0.6544684640736177,0.03585430274071322,0.9661164390985002,0.6843387694208356,0.2817776696776646,0.9302638867005133,0.6288270792987036,0.30143680740180967,0.01965913772414507,0.496059969770136,0.49316234171842616,0.002897628051709844,0.5135564757707427,0.47396168844818193,0.039594787322560776,0.03669715927085093,0.2817776696776646,0.30143680740180967,0.01965913772414507,0.002897628051709844,0.039594787322560776,0.03669715927085093,1,"{'level_0': 3, 'level_1': 5, 'level_2': 7, 'level_3': 2}",0,0.0,1.0,1.0,0.0,1.0,1.0,0.0,0.0
168,0,80,4,0.5,0.525,0.025000000000000022,0.5,0.75,0.25,0.5,0.5,0.5,1.0,0.0,0.5,0.24488013660457364,0.21911341843510498,0.025766718169468655,0.25003204011648217,0.23839433493673023,0.011637705179751934,0.6590857740362746,0.5830943002539377,0.07599147378233684,0.6932116554507586,0.6699217779573423,0.023289877493416267,0.9658216165080136,0.681640478140395,0.2841811383676186,0.9324186661773102,0.6443562958906451,0.28806237028666504,0.003881231919046435,0.49712575809394016,0.4971139285416413,1.1829552298836532e-05,0.504643810988783,0.4808527814172394,0.023791029571543554,0.023779200019244717,0.2841811383676186,0.28806237028666504,0.003881231919046435,1.1829552298836532e-05,0.023791029571543554,0.023779200019244717,1,"{'level_0': 2, 'level_1': 3, 'level_2': 2, 'level_3': 1}",1,0.012369105348232545,1.0,1.0,0.0,0.9753320683111955,0.9629629629629629,0.0,0.006277429538590673
169,0,80,4,0.4875,0.575,0.08749999999999997,0.75,1.0,0.25,0.5,1.0,1.0,1.0,0.5,0.0,0.25006503213850556,0.21255797692685485,0.03750705521165071,0.2464086727630346,0.21822001037109012,0.02818866239194448,0.6762208382210968,0.5715639077258698,0.10465693049522695,0.685963692408933,0.6294843731968156,0.05647931921211735,0.3112557977340058,0.03353395081609974,0.2777218469179061,0.36677817549503827,0.06397043084091544,0.30280774465412286,0.025085897736216778,0.502253476292871,0.49497867665996587,0.007274799632905116,0.5391142276978738,0.4732875696249551,0.06582665807291865,0.05855185844001354,0.2777218469179061,0.30280774465412286,0.025085897736216778,0.007274799632905116,0.06582665807291865,0.05855185844001354,1,"{'level_0': 2, 'level_1': 5, 'level_2': 3, 'level_3': 1}",2,0.07661342682768468,1.0,1.0,0.0,0.8609271523178808,0.7843137254901961,0.0,-0.042394468704512356
170,0,80,4,0.4875,0.525,0.03750000000000003,0.25,1.0,0.75,0.5,0.0,1.0,1.0,0.5,1.0,0.24847565307568517,0.22702403641752475,0.021451616658160422,0.25320384297385345,0.23068162875682918,0.022522214217024272,0.6877077979035651,0.6026193924992141,0.08508840540435092,0.6995563797964814,0.6544687132331259,0.0450876665633555,0.313028037581781,0.033966621901672024,0.27906141568010895,0.34413171396867276,0.06293715584075134,0.28119455812792143,0.002133142447812486,0.5035503981274401,0.5098235885754462,-0.006273190448006116,0.522768417898844,0.4830801824730946,0.039688235425749396,0.04596142587375551,0.27906141568010895,0.28119455812792143,0.002133142447812486,-0.006273190448006116,0.039688235425749396,0.04596142587375551,1,"{'level_0': 2, 'level_1': 3, 'level_2': 9, 'level_3': 6, 'level_4': 1}",1,0.031070120355834674,1.0,1.0,0.0,0.6079931972789115,0.5769230769230769,0.0,-0.026190205965486935
171,0,80,4,0.4875,0.5125,0.024999999999999967,0.25,1.0,0.75,0.5,0.0,1.0,1.0,0.5,1.0,0.2513908226050606,0.22740201422340284,0.02398880838165779,0.2523450264396927,0.23618557202483448,0.01615945441485822,0.6914111718636173,0.6057517395354062,0.08565943232821116,0.6978375344466561,0.6655052938425603,0.032332240604095785,0.30968338699277204,0.033263748850670884,0.27641963814210113,0.34485894190693295,0.06693539094069074,0.2779235509662422,0.0015039128241410848,0.5007079935704163,0.5053400041237934,-0.004632010553377142,0.5111526782029568,0.4830269021593831,0.028125776043573747,0.03275778659695089,0.27641963814210113,0.2779235509662422,0.0015039128241410848,-0.004632010553377142,0.028125776043573747,0.03275778659695089,1,"{'level_0': 3, 'level_1': 5, 'level_2': 3, 'level_3': 3}",2,0.08687040181097905,1.0,1.0,0.0,0.8763440860215054,0.7894736842105263,0.0,-0.005156493584362654
172,0,80,4,0.5,0.5375,0.03749999999999998,0.5,1.0,0.5,0.5,0.5,1.0,1.0,0.5,0.5,0.24690836559695484,0.22548020849040423,0.021428157106550605,0.24967006492378369,0.23967628266278007,0.009993782261003614,0.6652471968876513,0.5953865296271267,0.06986066726052464,0.6924872847117167,0.6724930034743584,0.019994281237358358,0.9675980052494367,0.6850770293019902,0.2825209759474465,0.9403821577924123,0.6539084989250569,0.28647365886735543,0.003952682919908912,0.5017551093130721,0.5010817833658239,0.0006733259472482267,0.5134448754150498,0.49247881080445466,0.020966064610595136,0.02029273866334691,0.2825209759474465,0.28647365886735543,0.003952682919908912,0.0006733259472482267,0.020966064610595136,0.02029273866334691,1,"{'level_0': 2, 'level_1': 4, 'level_2': 6, 'level_3': 3, 'level_4': 2}",3,0.5,1.0,1.0,0.0,0.5,0.0,0.0,-0.3333333333333333
173,0,80,4,0.4875,0.5375,0.04999999999999999,0.75,1.0,0.25,0.5,1.0,1.0,1.0,0.5,0.0,0.25609423833941464,0.22133236140662324,0.0347618769327914,0.2503160872089847,0.23597796397619492,0.014338123232789768,0.7348314003911017,0.5882583050783502,0.14657309531275153,0.6937795631790407,0.6650932222136694,0.02868634096537126,0.30368769985342914,0.032620815054184946,0.2710668847992442,0.35375399853443623,0.06800270999060867,0.2857512885438276,0.014684403744583407,0.49764114034215234,0.4982425210471042,-0.0006013807049518594,0.515726345347876,0.4872328192629873,0.0284935260848887,0.029094906789840558,0.2710668847992442,0.2857512885438276,0.014684403744583407,-0.0006013807049518594,0.0284935260848887,0.029094906789840558,1,"{'level_0': 5, 'level_1': 6, 'level_2': 5, 'level_3': 2, 'level_4': 1, 'level_5': 1}",0,0.0,1.0,1.0,0.0,1.0,1.0,0.0,0.0
174,0,80,4,0.5,0.5375,0.03749999999999998,0.75,0.75,0.0,0.5,1.0,1.0,0.5,0.5,-0.5,0.2506429628794286,0.21931165707060246,0.03133130580882615,0.24566221462127866,0.23627750909497033,0.009384705526308323,0.6918432639784957,0.5780401593482644,0.11380310463023136,0.6844708929783965,0.665680830228315,0.018790062750081438,0.9665779925273268,0.6895153570457188,0.27706263548160803,0.9341340292782776,0.6458852054647066,0.288248823813571,0.011186188331962943,0.5011845357801821,0.4924256398682311,0.008758895911950948,0.5214788284762546,0.49335645321152616,0.02812237526472844,0.01936347935277749,0.27706263548160803,0.288248823813571,0.011186188331962943,0.008758895911950948,0.02812237526472844,0.01936347935277749,1,"{'level_0': 4, 'level_1': 5, 'level_2': 9, 'level_3': 2, 'level_4': 1}",3,1.0,1.0,1.0,0.0,1.0,0.0,0.0,-0.6
175,0,80,4,0.5,0.5375,0.03749999999999998,0.5,1.0,0.5,0.0,1.0,1.0,1.0,1.0,0.0,0.25047798216143885,0.2151054458942899,0.03537253626714895,0.2505091586731363,0.230012444524704,0.020496714148432266,0.6795254237374213,0.568093203305466,0.11143222043195533,0.6941656687506238,0.653139289965123,0.04102637878550075,0.9639357662683186,0.6893754953209431,0.27456027094737545,0.9384385526226534,0.6393122673677192,0.29912628525493423,0.02456601430755878,0.49524253803282603,0.4962174195633089,-0.0009748815304828629,0.5190155296665384,0.47807095702447744,0.04094457264206097,0.041919454172543835,0.27456027094737545,0.29912628525493423,0.02456601430755878,-0.0009748815304828629,0.04094457264206097,0.041919454172543835,1,"{'level_0': 3, 'level_1': 4, 'level_2': 2, 'level_3': 3}",0,0.0,1.0,1.0,0.0,1.0,1.0,0.0,0.0
176,0,80,4,0.5,0.5125,0.012499999999999956,0.5,1.0,0.5,1.0,0.0,1.0,1.0,0.0,1.0,0.2498224975409284,0.2224102672048557,0.02741223033607268,0.2518819292818173,0.23076547223360575,0.02111645704821155,0.6710239613608875,0.5925686532457418,0.07845530811514567,0.6969113708648154,0.654628281367111,0.04228308949770432,0.9654989869223727,0.6888011439408172,0.27669784298155553,0.9345542692470747,0.6485968996906023,0.28595736955647244,0.00925952657491691,0.5069018685747699,0.5104680720632531,-0.003566203488483133,0.5301533976514422,0.4905536923521582,0.03959970529928403,0.04316590878776716,0.27669784298155553,0.28595736955647244,0.00925952657491691,-0.003566203488483133,0.03959970529928403,0.04316590878776716,2,"{'level_0': 5, 'level_1': 11, 'level_2': 8, 'level_3': 3}",2,0.11308203991130827,0.8205128205128205,0.815,0.005512820512820538,0.6585365853658537,0.5454545454545454,0.011349206349206331,-0.1339285714285714
177,0,80,4,0.5,0.525,0.025000000000000022,0.25,1.0,0.75,0.0,0.5,1.0,1.0,1.0,0.5,0.25254808875560497,0.2328729345823663,0.019675154173238674,0.2541417396683755,0.23708464649738017,0.017057093170995324,0.6859036200032527,0.6167957965696503,0.06910782343360233,0.7014310854145419,0.667306360987831,0.034124724426710884,0.9663603137432648,0.6924498530645771,0.27391046067868774,0.9369229944716956,0.6641735201676088,0.2727494743040868,-0.0011609863746009363,0.4943440277813569,0.502576048683584,-0.008232020902227077,0.5073336067220511,0.4810759911930472,0.026257615529003853,0.03448963643123093,0.27391046067868774,0.2727494743040868,-0.0011609863746009363,-0.008232020902227077,0.026257615529003853,0.03448963643123093,1,"{'level_0': 3, 'level_1': 4, 'level_2': 2, 'level_3': 1}",1,0.050000000000000044,1.0,1.0,0.0,0.9547619047619048,0.9047619047619048,0.0,-0.00371939736346516
178,0,80,4,0.4875,0.5375,0.04999999999999999,0.75,1.0,0.25,1.0,0.5,1.0,1.0,0.0,0.5,0.24897669204559544,0.22044389680012255,0.02853279524547289,0.2465812977753063,0.23457712431915034,0.012004173456155953,0.6653254390636176,0.5842099204033054,0.08111551866031219,0.686308158328564,0.6622699928973285,0.024038165431235492,0.3120907976567949,0.03266043129371978,0.27943036636307517,0.35425705911083877,0.06106299368193193,0.29319406542890686,0.013763699065831692,0.5096019561522596,0.502622902492519,0.006979053659740608,0.5263907573563378,0.4947249843164126,0.03166577303992518,0.024686719380184574,0.27943036636307517,0.29319406542890686,0.013763699065831692,0.006979053659740608,0.03166577303992518,0.024686719380184574,1,"{'level_0': 4, 'level_1': 5, 'level_2': 4, 'level_3': 2, 'level_4': 1}",0,0.0,1.0,1.0,0.0,1.0,1.0,0.0,0.0
179,0,80,4,0.5,0.5375,0.03749999999999998,0.5,1.0,0.5,0.5,0.5,1.0,1.0,0.5,0.5,0.24647904100231116,0.22631448971733642,0.02016455128497474,0.24804506659971765,0.22683364176413076,0.021211424835586884,0.7011197442195037,0.6044919119034537,0.09662783231604999,0.6892354114132211,0.6467787609602516,0.042456650452969535,0.316932357157517,0.032995903136422235,0.28393645402109474,0.346741316851727,0.06635558660296634,0.2803857302487607,-0.0035507237723340634,0.5003565364132951,0.49630235461470373,0.004054181798591405,0.5224626593977553,0.474989323136168,0.047473336261587284,0.04341915446299588,0.28393645402109474,0.2803857302487607,-0.0035507237723340634,0.004054181798591405,0.047473336261587284,0.04341915446299588,1,"{'level_0': 2, 'level_1': 3, 'level_2': 3, 'level_3': 2, 'level_4': 1, 'level_5': 1}",1,0.013948533573021726,1.0,1.0,0.0,0.9174573055028463,0.9035087719298246,0.0,-0.004283245707562777
180,0,80,4,0.4875,0.55,0.06250000000000006,0.25,1.0,0.75,0.5,0.0,1.0,1.0,0.5,1.0,0.2517418845678102,0.22053765216952553,0.03120423239828468,0.2526551013765378,0.22172640739817404,0.030928693978363758,0.679522552698902,0.5846110733341081,0.09491147936479394,0.6984578832595022,0.636535112705942,0.061922770553560214,0.3083488367430124,0.032580631124019065,0.27576820561899335,0.3545811027746175,0.06684636980408447,0.28773473297053304,0.01196652735153969,0.5010522816225897,0.5063081477344048,-0.005255866111815055,0.529092777746847,0.47083242943648584,0.0582603483103612,0.06351621442217625,0.27576820561899335,0.28773473297053304,0.01196652735153969,-0.005255866111815055,0.0582603483103612,0.06351621442217625,1,"{'level_0': 5, 'level_1': 8, 'level_2': 5, 'level_3': 3, 'level_4': 1}",1,0.009799557663685343,1.0,1.0,0.0,0.5149253731343284,0.5051258154706431,0.0,-0.025271103043042087
181,0,80,4,0.5125,0.5125,0.0,0.5,1.0,0.5,0.0,1.0,1.0,1.0,1.0,0.0,0.2514295272289072,0.23180541144487038,0.019624115784036833,0.2504617226701014,0.24383135311910847,0.006630369550992943,0.7033401962041695,0.6164019461902029,0.0869382500139666,0.6940704070916675,0.6808089410445672,0.013261466047100212,0.9669567654719835,0.6903080612345095,0.276648704237474,0.9367569585405991,0.6621638285620637,0.27459312997853547,-0.0020555742589385417,0.49445866123698856,0.49530296653270844,-0.0008443052957198827,0.5037569541423101,0.4913296705537581,0.012427283588552052,0.013271588884271934,0.276648704237474,0.27459312997853547,-0.0020555742589385417,-0.0008443052957198827,0.012427283588552052,0.013271588884271934,1,"{'level_0': 1, 'level_1': 3, 'level_2': 3, 'level_3': 3}",2,0.08963585434173671,1.0,1.0,0.0,0.47058823529411764,0.38095238095238093,0.0,-0.05202080832332934
182,0,80,4,0.5125,0.55,0.03750000000000009,0.75,1.0,0.25,1.0,0.5,1.0,1.0,0.0,0.5,0.24984262152149705,0.21646820373539347,0.03337441778610359,0.2479906214666693,0.2267198812952362,0.0212707401714331,0.6725011550880872,0.5786022741248078,0.09389888096327936,0.6891282295849679,0.6465427596070479,0.04258546997792001,0.9668270019110571,0.6885613507061189,0.2782656512049382,0.9297688791729815,0.6390653559581877,0.29070352321479376,0.012437872009855577,0.5046350360084323,0.500573283268341,0.00406175274009124,0.529076770208919,0.4812645807583823,0.04781218945053667,0.04375043671044543,0.2782656512049382,0.29070352321479376,0.012437872009855577,0.00406175274009124,0.04781218945053667,0.04375043671044543,1,"{'level_0': 3, 'level_1': 4, 'level_2': 4, 'level_3': 3}",2,0.24144944602044638,1.0,1.0,0.0,0.5859872611464968,0.3445378151260504,0.0,-0.12360553324408746
183,0,80,4,0.5125,0.5625,0.050000000000000044,1.0,1.0,0.0,1.0,1.0,1.0,1.0,0.0,0.0,0.24890810765029792,0.21974185612192604,0.029166251528371878,0.2448907829903714,0.234296602032826,0.010594180957545385,0.6700086766382931,0.5842552393893874,0.08575343724890572,0.6829279339506882,0.6617203303934317,0.021207603557256482,0.9664752171578833,0.6871581003193566,0.27931711683852667,0.936376454150343,0.6439953838836814,0.2923810702666616,0.013063953428134933,0.5081969666685329,0.49790413829290003,0.010292828375632834,0.5153819227626714,0.48330174363372747,0.0320801791289439,0.021787350753311063,0.27931711683852667,0.2923810702666616,0.013063953428134933,0.010292828375632834,0.0320801791289439,0.021787350753311063,1,"{'level_0': 3, 'level_1': 4, 'level_2': 4, 'level_3': 2, 'level_4': 1}",0,0.007692307692307665,1.0,1.0,0.0,0.9076923076923077,0.9,0.0,-0.004285714285714226
184,0,80,4,0.5,0.525,0.025000000000000022,0.5,1.0,0.5,1.0,0.0,1.0,1.0,0.0,1.0,0.24777172264935238,0.22666002132627586,0.02111170132307652,0.24729838382939257,0.22081677233981437,0.0264816114895782,0.6608226454312491,0.6092410726841928,0.051581572747056326,0.6877432723097143,0.6346984009565565,0.05304487135315783,0.9646613976960945,0.6862951939563612,0.2783662037397333,0.9318759180279967,0.6523193279658626,0.2795565900621342,0.0011903863224008715,0.5064639259498198,0.5010048416527041,0.005459084297115724,0.5302358273358657,0.4699388324808831,0.06029699485498263,0.05483791055786691,0.2783662037397333,0.2795565900621342,0.0011903863224008715,0.005459084297115724,0.06029699485498263,0.05483791055786691,1,"{'level_0': 4, 'level_1': 6, 'level_2': 5, 'level_3': 4}",0,0.0,1.0,1.0,0.0,1.0,1.0,0.0,0.0
185,0,80,4,0.4875,0.5125,0.024999999999999967,0.25,1.0,0.75,0.5,0.0,1.0,1.0,0.5,1.0,0.2460752021708033,0.221924889896789,0.02415031227401432,0.25032227702779475,0.23445809225259334,0.015864184775201406,0.6560919352567888,0.5937327907545354,0.06235914450225333,0.6937911732186521,0.6620502555298011,0.03174091768885101,0.31595640635665145,0.03366810737594021,0.2822882989807112,0.35310747084365623,0.06786997044310489,0.28523750040055135,0.0029492014198401195,0.5054780764290324,0.5060237954964744,-0.000545719067441941,0.5121510741014574,0.4805228780341362,0.03162819606732126,0.0321739151347632,0.2822882989807112,0.28523750040055135,0.0029492014198401195,-0.000545719067441941,0.03162819606732126,0.0321739151347632,1,"{'level_0': 4, 'level_1': 3, 'level_2': 4, 'level_3': 3, 'level_4': 2}",3,0.07974137931034486,1.0,1.0,0.0,0.5172413793103449,0.4375,0.0,-0.09848484848484845
186,0,80,4,0.5,0.575,0.07499999999999996,0.25,1.0,0.75,0.0,0.5,1.0,1.0,1.0,0.5,0.2516850975410237,0.20752104928810597,0.044164048252917726,0.2537921514931373,0.22698052454733927,0.026811626945798,0.6781147373437537,0.5510643449585524,0.12705039238520133,0.7007321565020498,0.6470456043833464,0.053686552118703434,0.9666411407294959,0.6913151664771587,0.2753259742523372,0.9361546226554467,0.6269395411808203,0.3092150814746264,0.033889107222289216,0.4920712072161768,0.4995922575197358,-0.007521050303558985,0.5123064957969419,0.4647879405250288,0.047518555271913065,0.05503960557547205,0.2753259742523372,0.3092150814746264,0.033889107222289216,-0.007521050303558985,0.047518555271913065,0.05503960557547205,1,"{'level_0': 5, 'level_1': 9, 'level_2': 9, 'level_3': 1}",2,0.05845915602013163,1.0,1.0,0.0,0.45528455284552843,0.3968253968253968,0.0,-0.012517797816801124
187,0,80,4,0.5,0.525,0.025000000000000022,0.5,0.75,0.25,0.0,1.0,0.5,1.0,0.5,0.0,0.2510549657524943,0.23082968412210098,0.020225281630393332,0.2508688106828265,0.23526311375865838,0.015605696924168133,0.7009248768474261,0.611099241168974,0.08982563567845214,0.6948849418131092,0.6636471518556653,0.031237789957443973,0.9668555943778671,0.6899822154554112,0.2768733789224559,0.9398301489378934,0.6612102423725833,0.2786199065653101,0.001746527642854212,0.4932770901429356,0.49493760013190113,-0.0016605099889655528,0.5156906997417348,0.48546914576899547,0.03022155397273929,0.03188206396170484,0.2768733789224559,0.2786199065653101,0.001746527642854212,-0.0016605099889655528,0.03022155397273929,0.03188206396170484,1,"{'level_0': 3, 'level_1': 6, 'level_2': 4, 'level_3': 1}",1,0.0015945879945111763,1.0,1.0,0.0,0.8878424657534246,0.8862478777589134,0.0,-0.012003394025865921
188,0,80,4,0.5125,0.5125,0.0,0.5,1.0,0.5,0.0,1.0,1.0,1.0,1.0,0.0,0.24589394053922872,0.22439311035626117,0.021500830182967556,0.2505425175664965,0.24217057758773633,0.008371939978760151,0.6548191683354413,0.5987865929475131,0.05603257538792816,0.694232260022589,0.6774860777281488,0.016746182294440137,0.9651761778466753,0.6835126419350324,0.28166353591164295,0.9325598576377001,0.6514778175772145,0.28108204006048565,-0.0005814958511572987,0.49534478129854664,0.4963888639603532,-0.0010440826618065557,0.5051824322796282,0.48937058090642677,0.015811851373201458,0.016855934035008013,0.28166353591164295,0.28108204006048565,-0.0005814958511572987,-0.0010440826618065557,0.015811851373201458,0.016855934035008013,1,"{'level_0': 2, 'level_1': 4, 'level_2': 5, 'level_3': 3}",0,0.0,1.0,1.0,0.0,1.0,1.0,0.0,0.0
189,0,80,4,0.5,0.55,0.050000000000000044,0.5,1.0,0.5,1.0,0.0,1.0,1.0,0.0,1.0,0.24367934476260417,0.21193529469103528,0.031744050071568886,0.24564926105597934,0.22367023885741122,0.02197902219856812,0.6531906662093774,0.5653716587135497,0.08781900749582772,0.6844431995127549,0.6404051011450035,0.04403809836775141,0.31931632529952714,0.034382533289205874,0.28493379201032126,0.36836561355661274,0.06743689244410782,0.3009287211125049,0.01599492910218364,0.5117265488105633,0.5028646234830321,0.008861925327531273,0.538832087507151,0.48439054937114245,0.054441538136008494,0.04557961280847722,0.28493379201032126,0.3009287211125049,0.01599492910218364,0.008861925327531273,0.054441538136008494,0.04557961280847722,2,"{'level_0': 4, 'level_1': 12, 'level_2': 13, 'level_3': 6}",1,0.05770609318996417,0.9512820512820512,0.95,0.0012820512820512775,0.46881720430107526,0.4111111111111111,-0.0007142857142857784,0.004518381597863996
190,0,80,4,0.5,0.5125,0.012499999999999956,0.5,0.75,0.25,1.0,0.0,1.0,0.5,0.0,0.5,0.24995560706575257,0.22961546454904452,0.020340142516708043,0.24898203179606915,0.2407998346794415,0.008182197116627654,0.6688231616919426,0.609660782684563,0.05916237900737953,0.6911111145001694,0.6747369719692557,0.016374142530913627,0.9667897580739797,0.6891390836193999,0.2776506744545798,0.9352871819989105,0.65953975164903,0.2757474303498805,-0.001903244104699331,0.5053429417498401,0.5032651986702124,0.002077743079627714,0.5194450049801695,0.5006440477802496,0.01880095719991992,0.016723214120292207,0.2776506744545798,0.2757474303498805,-0.001903244104699331,0.002077743079627714,0.01880095719991992,0.016723214120292207,1,"{'level_0': 4, 'level_1': 6, 'level_2': 8, 'level_3': 3}",2,0.06258741258741257,1.0,1.0,0.0,0.4318181818181818,0.36923076923076925,0.0,-0.19117647058823528
191,0,80,4,0.5,0.5125,0.012499999999999956,0.5,0.5,0.0,1.0,0.0,1.0,0.0,0.0,0.0,0.25391498003744245,0.2347632345435267,0.01915174549391574,0.25315850235598947,0.24288141942975477,0.010277082926234693,0.6908873277091351,0.6250373492645225,0.0658499784446126,0.6994658312553084,0.6788878152293418,0.02057801602596654,0.9663775839372019,0.6941965470256763,0.2721810369115255,0.9371668659569856,0.6663668332454137,0.27080003271157194,-0.0013810041999535727,0.5041038275509067,0.5102774077390864,-0.006173580188179706,0.5205099443916361,0.5056694886067409,0.014840455784895235,0.02101403597307494,0.2721810369115255,0.27080003271157194,-0.0013810041999535727,-0.006173580188179706,0.014840455784895235,0.02101403597307494,1,"{'level_0': 3, 'level_1': 4, 'level_2': 5, 'level_3': 3, 'level_4': 1}",1,0.0024929504245498335,1.0,1.0,0.0,0.41342412451361865,0.4109311740890688,0.0,-0.033079670756328616
192,0,80,4,0.4875,0.5375,0.04999999999999999,0.25,1.0,0.75,0.5,0.0,1.0,1.0,0.5,1.0,0.24306649211745465,0.21828037248277282,0.02478611963468183,0.25186741769022175,0.22291645139984853,0.02895096629037322,0.6511107627854507,0.5777467026578424,0.07336406012760821,0.6968824528981863,0.6389118850418125,0.05797056785637378,0.32053854530661424,0.035222092130980036,0.2853164531756342,0.3570697912323779,0.06489441987733044,0.29217537135504745,0.006858918179413254,0.5017108869432864,0.505395685845347,-0.0036847989020606375,0.5343167990943094,0.4784754609732502,0.05584133812105918,0.05952613702311982,0.2853164531756342,0.29217537135504745,0.006858918179413254,-0.0036847989020606375,0.05584133812105918,0.05952613702311982,2,"{'level_0': 3, 'level_1': 6, 'level_2': 4, 'level_3': 1}",1,0.05652950247544841,0.8878205128205128,0.875,0.012820512820512775,0.7402402402402403,0.6837107377647919,-0.0071428571428571175,-0.0042846831396768925
193,0,80,4,0.5,0.525,0.025000000000000022,0.5,0.75,0.25,1.0,0.0,1.0,0.5,0.0,0.5,0.25270125155939016,0.23550819304868287,0.017193058510707293,0.24440172940451618,0.23268748196037187,0.011714247444144316,0.7151684286597344,0.6227861980950283,0.09238223056470607,0.6819442811613966,0.6584696945228775,0.02347458663851909,0.9657015204765672,0.6919824721954898,0.2737190482810774,0.9377785769887266,0.6682595542554423,0.2695190227332843,-0.004200025547793085,0.5173322442532062,0.5057949411207971,0.011537303132409082,0.5327413097452462,0.49694784549582227,0.03579346424942398,0.024256161117014896,0.2737190482810774,0.2695190227332843,-0.004200025547793085,0.011537303132409082,0.03579346424942398,0.024256161117014896,1,"{'level_0': 4, 'level_1': 3, 'level_2': 3, 'level_3': 2}",1,0.02503947194535827,1.0,1.0,0.0,0.8445883441258094,0.8195488721804511,0.0,-0.010288065843621408
194,0,80,4,0.5125,0.5125,0.0,0.5,1.0,0.5,0.0,1.0,1.0,1.0,1.0,0.0,0.25065636219305754,0.23592986013798706,0.014726502055070478,0.2514906743645067,0.24443055791602086,0.007060116448485865,0.697810572673386,0.6317812442092137,0.06602932846417231,0.6961297041087958,0.682007319421272,0.014122384687523803,0.9667371249422011,0.688684600186362,0.2780525247558391,0.9368793637156516,0.6681546891778558,0.2687246745377958,-0.009327850218043277,0.48830697284158503,0.4910697879471019,-0.002762815105516847,0.5064127249305805,0.49519015290124824,0.0112225720293323,0.013985387134849148,0.2780525247558391,0.2687246745377958,-0.009327850218043277,-0.002762815105516847,0.0112225720293323,0.013985387134849148,2,"{'level_0': 2, 'level_1': 3, 'level_2': 4, 'level_3': 1}",2,0.043636363636363695,0.8365384615384616,0.84,-0.003461538461538405,0.7636363636363637,0.72,0.047698412698412684,0.19623655913978488
195,0,80,4,0.4875,0.5375,0.04999999999999999,0.75,1.0,0.25,0.5,1.0,1.0,1.0,0.5,0.0,0.25186188825975775,0.22284930075159814,0.029012587508159604,0.2504693584148102,0.21795396305876413,0.032515395356046084,0.7061978921536882,0.5893256914684013,0.11687220068528692,0.6940865941510953,0.6287512614205794,0.06533533273051595,0.3091166831318992,0.03224043611693857,0.27687624701496066,0.34997285423632196,0.0638382733996232,0.28613458083669874,0.009258333821738074,0.493976286769255,0.49479418241564194,-0.0008178956463869569,0.5099921294624707,0.4420622773516528,0.06792985211081792,0.06874774775720488,0.27687624701496066,0.28613458083669874,0.009258333821738074,-0.0008178956463869569,0.06792985211081792,0.06874774775720488,1,"{'level_0': 3, 'level_1': 7, 'level_2': 7, 'level_3': 4}",3,0.5,1.0,1.0,0.0,0.5,0.0,0.0,
196,0,80,4,0.5,0.5375,0.03749999999999998,0.25,1.0,0.75,0.0,0.5,1.0,1.0,1.0,0.5,0.251029729074198,0.22384700989171513,0.027182719182482884,0.25252010169938494,0.2286261682485905,0.023893933450794436,0.6818329477206884,0.5992858105971972,0.08254713712349115,0.6981879336097059,0.6503555082656889,0.04783242534401699,0.9658899033425288,0.6900110432073808,0.27587886013514795,0.9399884635113616,0.6500273740265433,0.28996108948481825,0.014082229349670294,0.4912969970163091,0.49622906104845393,-0.004932064032144856,0.5254082996940681,0.48146351481542304,0.04394478487864506,0.048876848910789916,0.27587886013514795,0.28996108948481825,0.014082229349670294,-0.004932064032144856,0.04394478487864506,0.048876848910789916,1,"{'level_0': 4, 'level_1': 4, 'level_2': 6, 'level_3': 5}",1,0.021736984949420224,1.0,1.0,0.0,0.46459412780656306,0.44285714285714284,0.0,0.019060564462251406
197,0,80,4,0.5125,0.5,-0.012499999999999956,0.75,1.0,0.25,0.5,1.0,1.0,1.0,0.5,0.0,0.246922069823787,0.22197205345863774,0.024950016365149263,0.24490941003725758,0.23946530543868852,0.005444104598569061,0.6641883797011349,0.5882540114098419,0.07593436829129296,0.6829648551531328,0.6720736520207993,0.010891203132333493,0.9651393370070036,0.6840344361680649,0.2811049008389387,0.9334946858306532,0.6484856949034141,0.2850089909272391,0.0039040900883003937,0.5018309308900768,0.49154703979902303,0.010283891091053765,0.5088964312469815,0.4875774164393156,0.021319014807665848,0.011035123716612083,0.2811049008389387,0.2850089909272391,0.0039040900883003937,0.010283891091053765,0.021319014807665848,0.011035123716612083,1,"{'level_0': 4, 'level_1': 5, 'level_2': 5, 'level_3': 3}",1,0.004502195991557656,1.0,1.0,0.0,0.8219070133963751,0.8174048174048174,0.0,0.021269429462233425
198,0,80,4,0.5,0.5375,0.03749999999999998,0.5,0.75,0.25,0.0,1.0,1.0,0.5,1.0,-0.5,0.2501941370367371,0.2287227411142701,0.021471395922466996,0.2524631302354681,0.2414169449557823,0.011046185279685816,0.6754755656655508,0.6114596219159492,0.06401594374960162,0.6980745143594783,0.675972844327044,0.02210167003243435,0.9670511738479195,0.6897907520986352,0.27726042174928434,0.9344428885400387,0.6569662379429827,0.27747665059705595,0.00021622884777161566,0.491540069417566,0.4963691539193724,-0.004829084501806413,0.5132453687208263,0.4956998983974918,0.017545470323334478,0.02237455482514089,0.27726042174928434,0.27747665059705595,0.00021622884777161566,-0.004829084501806413,0.017545470323334478,0.02237455482514089,1,"{'level_0': 3, 'level_1': 6, 'level_2': 3, 'level_3': 3, 'level_4': 2}",2,0.09552845528455278,1.0,1.0,0.0,0.7121951219512195,0.6166666666666667,0.0,0.08976753839767537
199,0,80,4,0.4875,0.5125,0.024999999999999967,0.5,1.0,0.5,1.0,0.0,1.0,1.0,0.0,1.0,0.2517688871917246,0.22493872231968554,0.026830164872039042,0.25141798988689196,0.2280673025139394,0.023350687372952567,0.714838434740046,0.5987877956311222,0.11605063910892388,0.6959839455928261,0.649244978044895,0.046738967547931054,0.30914373160213576,0.03339256661906822,0.27575116498306756,0.3480191160765661,0.07241345782951598,0.27560565824705013,-0.00014550673601743114,0.5042180909807392,0.5069607468316251,-0.0027426558508858445,0.5272875312667107,0.4823293376733917,0.044958193593318985,0.04770084944420483,0.27575116498306756,0.27560565824705013,-0.00014550673601743114,-0.0027426558508858445,0.044958193593318985,0.04770084944420483,1,"{'level_0': 3, 'level_1': 7, 'level_2': 4, 'level_3': 1, 'level_4': 1}",2,0.08418367346938771,1.0,1.0,0.0,0.6964285714285714,0.6122448979591837,0.0,0.2222222222222222
